customerID,prediction,churn_probability
7590-VHVEG,Yes,0.6710839779634314
5575-GNVDE,No,0.061472744123764404
3668-QPYBK,Yes,0.707793801148459
7795-CFOCW,No,0.0480304295356003
9237-HQITU,Yes,0.8350127870603811
9305-CDSKC,Yes,0.9396938626061309
1452-KIOVK,Yes,0.6556997168135239
6713-OKOMC,No,0.47751964397179575
7892-POOKP,Yes,0.7729141696861774
6388-TABGU,No,0.06614617717040101
9763-GRSKD,No,0.28109702063653036
7469-LKBCI,No,0.03502801758245708
8091-TTVAX,No,0.34076110852848474
0280-XJGEX,Yes,0.7820658121266405
5129-JLPIS,Yes,0.5960130178532411
3655-SNQYZ,No,0.07365919784735077
8191-XWSZG,No,0.0362355079209676
9959-WOFKT,No,0.2149245367205263
4190-MFLUW,No,0.333848217921634
4183-MYFRB,Yes,0.6733220231901015
8779-QRDMV,Yes,0.9461967548105217
1680-VDCWW,No,0.11267011347762589
1066-JKSGK,Yes,0.6152419723550305
3638-WEABW,No,0.04719419003863114
6322-HRPFA,No,0.1579131299231152
6865-JZNKO,No,0.28284354879679147
6467-CHFZW,Yes,0.7100205536633393
8665-UTDHZ,Yes,0.6992643686517261
5248-YGIJN,No,0.009120963830536954
8773-HHUOZ,Yes,0.5662439379337612
3841-NFECX,No,0.06192700831438393
4929-XIHVW,Yes,0.8070570713527604
6827-IEAUQ,No,0.09567931239432752
7310-EGVHZ,Yes,0.5045858494399438
3413-BMNZE,Yes,0.7547657235076976
6234-RAAPL,No,0.09105455505075702
6047-YHPVI,Yes,0.7958161264677722
6572-ADKRS,No,0.493821350946447
5380-WJKOV,Yes,0.7791339109744224
8168-UQWWF,Yes,0.9324819128450595
8865-TNMNX,No,0.23811891012514716
9489-DEDVP,No,0.04378770396349408
9867-JCZSP,No,0.060866659132657465
4671-VJLCL,No,0.08322940382160192
4080-IIARD,No,0.3749983824125637
3714-NTNFO,Yes,0.7331478230273907
5948-UJZLF,Yes,0.6902419874053264
7760-OYPDY,Yes,0.9034498491030152
7639-LIAYI,No,0.05471468190727133
2954-PIBKO,No,0.10193251499220984
8012-SOUDQ,Yes,0.6976856790288215
9420-LOJKX,Yes,0.8125071671072711
6575-SUVOI,No,0.23864891177266526
7495-OOKFY,Yes,0.825657414293798
4667-QONEA,No,0.12131430994151875
1658-BYGOY,Yes,0.8529642074900478
8769-KKTPH,No,0.32074488816187136
5067-XJQFU,No,0.35975888168608317
3957-SQXML,No,0.04934211886083112
5954-BDFSG,No,0.2046186675526807
0434-CSFON,Yes,0.7225349761672548
1215-FIGMP,Yes,0.5599372151663208
0526-SXDJP,No,0.03663938472057372
0557-ASKVU,No,0.20924460247167984
5698-BQJOH,Yes,0.8942229082077321
5122-CYFXA,Yes,0.5469882052921802
8627-ZYGSZ,No,0.24527421542648262
3410-YOQBQ,No,0.06721157961029563
3170-NMYVV,No,0.012891961591067218
7410-OIEDU,No,0.475715420447147
2273-QCKXA,Yes,0.570527238702663
0731-EBJQB,No,0.04292040520894502
1891-QRQSA,No,0.2618055631758014
8028-PNXHQ,No,0.010681398468800288
5630-AHZIL,Yes,0.5152322386260503
2673-CXQEU,No,0.4082432766730613
6416-JNVRK,No,0.13760641979894603
5590-ZSKRV,No,0.2737462605233705
0191-ZHSKZ,No,0.3712838468203349
3887-PBQAO,No,0.04062266999981318
5919-TMRGD,Yes,0.9158515225208876
8108-UXRQN,No,0.43979197589619884
9191-MYQKX,Yes,0.8318674203078071
9919-YLNNG,No,0.4809914178740678
0318-ZOPWS,No,0.012578396954106093
4445-ZJNMU,Yes,0.8936486640159501
4808-YNLEU,No,0.04459682087040747
1862-QRWPE,No,0.02163268279656788
2796-NNUFI,No,0.01711222252286348
3016-KSVCP,No,0.4280274944235234
4767-HZZHQ,No,0.41118617855064615
2424-WVHPL,Yes,0.6934636737919511
7233-PAHHL,No,0.05401473161273323
6067-NGCEU,No,0.38146946377916796
9848-JQJTX,No,0.2594025365698829
8637-XJIVR,Yes,0.5541047366210048
9803-FTJCG,No,0.08320689741547578
0278-YXOOG,No,0.32541090163970904
3212-KXOCR,No,0.05273770295329967
4598-XLKNJ,Yes,0.764255210137295
6380-ARCEH,Yes,0.5624230883563897
3679-XASPY,Yes,0.537580470798517
7123-WQUHX,No,0.17264843675723385
5386-THSLQ,No,0.23258888646988163
3192-NQECA,No,0.4689191096669824
6180-YBIQI,Yes,0.6733306289236625
6728-DKUCO,No,0.17132315976685702
9750-BOOHV,No,0.11168388604200548
8597-CWYHH,No,0.3127775905254522
2848-YXSMW,No,0.006260067296294632
0486-HECZI,Yes,0.5016956432931966
4549-ZDQYY,No,0.10233881837289274
5712-AHQNN,Yes,0.5384935321014818
4846-WHAFZ,Yes,0.7267335910267537
5256-SKJGO,No,0.10755030032680223
3071-VBYPO,Yes,0.5154644018026378
9560-BBZXK,No,0.09366672865680477
5299-RULOA,Yes,0.8380521916197969
8402-OOOHJ,No,0.004144216377483317
9445-ZUEQE,No,0.38261813374294434
1091-SOZGA,No,0.3854615504010322
2928-HLDBA,No,0.2638551384240779
0404-SWRVG,Yes,0.8866734830810551
6497-TILVL,No,0.3369549169135062
7219-TLZHO,No,0.3265869712423337
4622-YNKIJ,No,0.18892714150274012
4412-YLTKF,Yes,0.7087907740016227
6734-PSBAW,No,0.021426074971576656
3930-ZGWVE,Yes,0.6076045003092104
2639-UGMAZ,No,0.25471601546776884
2876-GZYZC,Yes,0.8178848627187618
6207-WIOLX,Yes,0.5335191426244121
8587-XYZSF,No,0.06801160923726653
3091-FYHKI,Yes,0.9317644678884298
2372-HWUHI,Yes,0.7975774433157793
7799-LGRDP,No,0.09832036762816587
7850-VWJUU,Yes,0.5403834519646192
3774-VBNXY,No,0.0017369574462672115
6217-KDYWC,No,0.07845289249134406
0390-DCFDQ,Yes,0.8706396351616436
3146-MSEGF,No,0.10702949552871811
4080-OGPJL,Yes,0.6141434314627221
1095-WGNGG,No,0.2990572525525026
2636-SJDOU,No,0.15591856398341494
1131-QQZEB,No,0.008341546562559105
5716-EZXZN,No,0.09524226426135506
6837-BJYDQ,No,0.045280716783911525
2135-RXIHG,Yes,0.8337336952348767
6440-DKQGE,No,0.1338257169817353
3466-BYAVD,No,0.27803562512453134
3780-YVMFA,Yes,0.5539401384071833
3874-EQOEP,Yes,0.8743995731960682
1679-JRFBR,No,0.19969131398074966
9073-ZZIAY,No,0.03591868962530456
3077-RSNTJ,No,0.30429211510613585
6551-GNYDG,Yes,0.7291419266934861
9167-APMXZ,Yes,0.6856379071323105
2749-CTKAJ,No,0.00805789918486459
6371-NZYEG,No,0.08470815499120891
7554-NEWDD,No,0.09764103036807698
8992-VONJD,No,0.36609320116846555
0867-MKZVY,Yes,0.6454587734965963
4482-EWFMI,Yes,0.8020054899567594
4648-YPBTM,No,0.056858480835419015
2907-ILJBN,No,0.1230075906443402
6345-FZOQH,No,0.017103895977668464
3376-BMGFE,Yes,0.8303100261939836
5997-OPVFA,No,0.008940522493140705
3445-HXXGF,Yes,0.6584633136044428
1159-WFSGR,No,0.18867805585145525
7654-YWJUF,No,0.15150253486219942
1875-QIVME,Yes,0.8869087505547194
6727-IOTLZ,No,0.10615482137862514
0691-JVSYA,No,0.4760528583109543
5918-VUKWP,No,0.0793343570557411
1744-JHKYS,No,0.1638441014417548
2656-FMOKZ,Yes,0.7988862555375156
2070-FNEXE,Yes,0.536137886252772
5947-SGKCL,Yes,0.7365392755403575
3712-PKXZA,No,0.03149173793457808
6317-YPKDH,Yes,0.625784634772116
6582-OIVSP,Yes,0.7767000476770991
9367-WXLCH,Yes,0.8277034141441981
5524-KHNJP,No,0.2476415528409662
1918-ZBFQJ,Yes,0.8388068445871846
1024-GUALD,Yes,0.8194074515130424
4827-USJHP,No,0.326367010144587
8167-GJLRN,Yes,0.573560087363263
0956-SYCWG,No,0.056461693438859095
8017-UVSZU,No,0.22418498430810513
7100-FQPRV,No,0.13210900663274977
2472-OVKUP,Yes,0.8658035704100587
2984-RGEYA,No,0.011495159748477098
9680-NIAUV,No,0.03933746427523406
2146-EGVDT,No,0.030581954172493552
2604-IJPDU,Yes,0.5811484806665879
9178-JHUVJ,No,0.06400270486719195
6168-YBYNP,Yes,0.5997682025055732
7255-SSFBC,No,0.19527723035103164
3645-DEYGF,No,0.41812652140782053
9323-HGFWY,No,0.40890416026012427
8544-GOQSH,Yes,0.630384868098381
3363-DTIVD,No,0.1846248259492115
7018-WBJNK,Yes,0.7561236393962663
9142-KZXOP,No,0.4823024825756275
7674-YTAFD,No,0.12398760813828423
6348-SNFUS,No,0.00632129924695023
1285-OKIPP,Yes,0.9163361519789763
7825-ECJRF,Yes,0.7442099862614603
1347-KTTTA,No,0.3763998772625975
7841-TZDMQ,Yes,0.7798793140194306
4195-NZGTA,Yes,0.7874668688475418
7157-SMCFK,No,0.09510435774350859
4709-LKHYG,No,0.03587353259778199
2504-DSHIH,Yes,0.6483189382446625
0699-NDKJM,No,0.27786100894698934
9286-BHDQG,No,0.03393631039275905
0230-WEQUW,No,0.01897339489867805
2040-LDIWQ,No,0.037173892465281244
6496-JDSSB,Yes,0.8287226740941218
9408-SSNVZ,Yes,0.8113492691120859
4443-EMBNA,No,0.010256059701071291
6469-MRVET,No,0.23120928940085098
0742-MOABM,Yes,0.5075803473717708
5961-VUSRV,No,0.06892393089392009
6778-JFCMK,No,0.16405036253606534
6341-JVQGF,No,0.1787368411157719
2232-DMLXU,Yes,0.7683337540688434
4811-JBUVU,No,0.44353172850591377
0945-TSONX,No,0.02488618328118722
2651-ZCBXV,No,0.3319226961449764
3316-UWXUY,No,0.32037434531944725
8937-RDTHP,Yes,0.7979305608228981
7083-MIOPC,No,0.008880248916594762
1984-GPTEH,No,0.1570997383891352
1251-KRREG,Yes,0.773416170813309
0621-JFHOL,No,0.2012068898041252
9903-LYSAB,Yes,0.7106090319509994
0094-OIFMO,Yes,0.8808155829293514
9227-UAQFT,No,0.03944074707100233
7301-ABVAD,No,0.015324254628892003
6614-FHDBO,No,0.1832032075869165
7576-ASEJU,No,0.14902897896166617
9058-HRZSV,No,0.33042082066299716
4522-AKYLR,No,0.3214469621467001
0221-WMXNQ,Yes,0.547905750646599
0303-UNCIP,No,0.18154456372422
9947-OTFQU,Yes,0.8283672850887105
0322-YINQP,Yes,0.7018013198975646
0959-WHOKV,No,0.3243123064754724
4075-JFPGR,No,0.34987178150600284
4629-NRXKX,Yes,0.8210350833242915
9514-JDSKI,Yes,0.8006070140061924
3282-ZISZV,No,0.2417845955331678
3675-YDUPJ,No,0.24008413757870167
4111-BNXIF,No,0.09256425009903123
7017-VFHAY,No,0.10727731801808588
6655-LHBYW,No,0.40343777857218194
4959-JOSRX,Yes,0.7219679652783387
5046-NUHWD,No,0.425984198206431
7273-TEFQD,Yes,0.9206328230355181
3606-TWKGI,Yes,0.8628825787502228
7529-ZDFXI,Yes,0.6107145770226079
7605-BDWDC,No,0.03159755513190153
1950-KSVVJ,No,0.3215373288482431
0123-CRBRT,No,0.024568498471092128
6292-TOSSS,No,0.07633573564902717
3197-ARFOY,Yes,0.6157413416931414
6323-AYBRX,No,0.23563584755902028
7014-ZZXAW,No,0.020810605731793136
4385-GZQXV,Yes,0.7899687809256534
7633-MVPUY,No,0.06004711936294111
6366-ZGQGL,Yes,0.7664985739255472
4716-HHKQH,Yes,0.58788675521614
5940-AHUHD,Yes,0.8741244158114101
6432-TWQLB,Yes,0.8791926184965634
4484-GLZOU,Yes,0.7436075542624361
3179-GBRWV,No,0.3120453514888703
8645-KWHJO,Yes,0.5624845463866733
4130-MZLCC,No,0.42957258556608474
0314-TKOSI,No,0.40013717587682485
8229-MYEJZ,No,0.2789902326282824
2080-SRCDE,No,0.3947686146842459
9577-WJVCQ,No,0.1675129287465607
9512-UIBFX,Yes,0.595426965383958
6202-DYYFX,No,0.2536142804048806
3808-HFKDE,No,0.4866216082295944
5583-SXDAG,Yes,0.9041095641774757
3488-PGMQJ,Yes,0.8273520395098903
3580-REOAC,Yes,0.6123955638832411
7534-BFESC,Yes,0.7266909656642929
3727-OWVYD,No,0.12026456702608088
2294-SALNE,No,0.19014665631292965
4847-TAJYI,Yes,0.8851878072411977
1563-IWQEX,No,0.25938431578478877
8203-XJZRC,No,0.47883359126537367
6556-DBKZF,No,0.18608392898619516
6851-WEFYX,Yes,0.8034872658893584
2985-JUUBZ,No,0.3544950766880254
6390-DSAZX,Yes,0.7870427924951354
0895-LMRSF,No,0.3003367891358921
8098-LLAZX,Yes,0.9494161086831407
8266-VBFQL,Yes,0.7782143560218769
8181-YHCMF,No,0.02492024521227507
2240-HSJQD,No,0.46439554822882867
1248-DYXUB,No,0.021431301142855064
0265-EDXBD,Yes,0.7288946359436377
4115-BNPJY,No,0.05031180942329457
3167-SNQPL,Yes,0.5884323855992755
4091-TVOCN,No,0.18980384769890501
1098-TDVUQ,Yes,0.509690808019847
7277-OZCGZ,Yes,0.5179313354844914
1557-EMYVT,No,0.19387891834965867
2799-ARNLO,Yes,0.7550428372148575
7563-BIUPC,Yes,0.8789249749979126
5027-YOCXN,No,0.3268248801974008
3973-SKMLN,No,0.015592092088178801
2321-OMBXY,No,0.4322310010510107
2840-XANRC,Yes,0.7279586335251785
6745-JEFZB,No,0.4654965381301576
5020-ZSTTY,No,0.430684252092886
9880-TDQAC,No,0.10337045756474458
8705-WZCYL,Yes,0.768125545784188
7102-JJVTX,No,0.16119880457043914
8626-PTQGE,No,0.03330272643297853
4983-CLMLV,Yes,0.5111580942768523
5701-YVSVF,Yes,0.7473169312042567
5804-LEPIM,Yes,0.8248655744852199
5697-GOMBF,No,0.49869008392220165
2739-CACDQ,Yes,0.6513990824858783
9385-EHGDO,No,0.03727276876954086
9498-FIMXL,No,0.05222755062375103
2379-GYFLQ,No,0.25192781059475816
0122-OAHPZ,Yes,0.8356223959628469
2868-SNELZ,Yes,0.8985688799638981
4322-RCYMT,No,0.3669032285984137
6680-NENYN,No,0.4801178484948079
2088-IEBAU,No,0.055408125462804235
7982-VCELR,Yes,0.5662064762926955
1343-EHPYB,Yes,0.7497378876652624
6035-BXTTY,No,0.15729263871509855
6885-PKOAM,No,0.013279417403751898
7520-HQWJU,No,0.19026101070140103
9639-BUJXT,No,0.05078722851815736
5924-SNGKP,No,0.036324595737093776
0021-IKXGC,Yes,0.8724570518659521
2034-GDRCN,Yes,0.9287171099582378
8966-SNIZF,No,0.017329129523161724
6243-OZGFH,Yes,0.5780030583041527
4654-DLAMQ,No,0.20411475787109346
0513-RBGPE,No,0.06850867981707993
5160-UXJED,No,0.24704674657158954
4115-NZRKS,Yes,0.8879719247107997
0219-YTZUE,Yes,0.8917818450786058
0623-IIHUG,Yes,0.7256741354921886
4572-DVCGN,Yes,0.8167883315893436
3351-NGXYI,Yes,0.5350175934090676
8984-EYLLL,No,0.21410884545362305
9057-MSWCO,Yes,0.5963180636107561
9833-TGFHX,No,0.2967002545528628
9294-TDIPC,No,0.16164033641653816
5229-DTFYB,No,0.16554158744954678
0104-PPXDV,No,0.11887061245569257
5176-LMJXE,No,0.00489356592062063
3583-KRKMD,No,0.37850402279477635
1010-DIAUQ,Yes,0.8543518850838131
9069-LGEUL,No,0.26472603169018627
7302-ZHMHP,No,0.38102816456501437
9571-EDEBV,No,0.2856826127962832
3520-FJGCV,No,0.020307963759236474
6563-VRERX,No,0.006103032081954966
0259-GBZSH,Yes,0.9247213509942904
6122-EFVKN,No,0.054695927396889166
2805-EDJPQ,No,0.20482560374895264
6862-CQUMB,Yes,0.5434520655114576
7156-MXBJE,No,0.17766456612382125
6158-HDPXZ,Yes,0.7843154154455736
9601-BRXPO,Yes,0.7982383134197394
2863-IMQDR,No,0.05947768007086791
5686-CMAWK,No,0.23825549596336135
5651-CRHKQ,No,0.1365436289471902
6905-NIQIN,Yes,0.7415014018985643
8204-YJCLA,No,0.04364211478238155
5167-ZFFMM,Yes,0.8843310533834539
6583-SZVGP,No,0.4083459252495466
4895-TMWIR,No,0.4314038117971633
0533-BNWKF,Yes,0.699258450763912
1708-PBBOA,No,0.1326455795851511
8782-LKFPK,Yes,0.59416878157831
5522-JBWMO,Yes,0.6876868989807821
3597-MVHJT,Yes,0.7357018059062063
9774-NRNAU,No,0.2255615601712928
0224-RLWWD,Yes,0.7462161274826282
9967-ATRFS,No,0.1630917514550573
3951-NJCVI,Yes,0.7761593715377221
2977-CEBSX,No,0.03544702881636983
0177-PXBAT,Yes,0.5484238048762373
6599-CEBNN,Yes,0.659902569708566
2519-ERQOJ,No,0.3577606410488001
5876-QMYLD,No,0.027819523555877263
2277-AXSDC,No,0.057602476369335236
9442-JTWDL,No,0.051949996733712485
0979-PHULV,Yes,0.5601721831783131
3067-SVMTC,No,0.03815881298091286
5495-GPSRW,No,0.03292648987061072
7606-BPHHN,No,0.020894975146163893
4742-DRORA,No,0.2178931138034014
0111-KLBQG,Yes,0.5210341166666378
4800-VHZKI,Yes,0.7163548780003337
7989-CHGTL,Yes,0.6677334931430754
0334-GDDSO,Yes,0.9079272974166505
4163-NCJAK,No,0.06875588690764126
5233-AOZUF,Yes,0.6885431276924621
5973-EJGDP,Yes,0.5622563866057592
1996-DBMUS,Yes,0.5123774497076881
7916-VCCPB,Yes,0.5007020505719662
4686-GEFRM,No,0.19692311325211856
5249-QYHEX,No,0.07838883616210408
0578-SKVMF,Yes,0.6665005969149187
5564-NEMQO,Yes,0.8929953625155534
2233-FAGXV,No,0.3193629873539325
5605-IYGFG,Yes,0.6885388950898353
7663-ZTEGJ,No,0.21193903914958467
3935-TBRZZ,No,0.044376746211967306
8111-BKVDS,No,0.33369398199961536
2055-SIFSS,No,0.23045320588586612
2806-MLNTI,No,0.45473094272184494
8734-DKSTZ,Yes,0.7751089141186344
4360-PNRQB,Yes,0.6475331596317716
6152-ONASV,No,0.048405181075645856
9063-ZGTUY,No,0.42159159926174467
7781-HVGMK,No,0.01119656578573385
2181-UAESM,Yes,0.5535639023709419
2957-LOLHO,Yes,0.5562734074214072
6048-NJXHX,No,0.028539602585858907
2320-SLKMB,No,0.25121267068964764
4980-URKXC,No,0.06281521672768661
4376-KFVRS,No,0.030642798992030887
5886-VLQVU,No,0.3893831136932657
3577-AMVUX,Yes,0.5599596958620101
0771-WLCLA,Yes,0.679922338864202
5628-RKIFK,No,0.4978134297884962
0206-TBWLC,No,0.35773526611281686
2937-FTHUR,No,0.3644274146985039
1910-FMXJM,Yes,0.5976750981400125
7752-XUSCI,Yes,0.6438671266247628
4110-PFEUZ,Yes,0.9257093497287346
0732-OCQOC,No,0.037983942546986484
5168-MSWXT,Yes,0.7647674613815957
1090-ESELR,No,0.1115879650633104
8592-PLTMQ,No,0.05173454699968824
5760-WRAHC,No,0.26789793743867407
8847-GEOOQ,No,0.19982859506383402
0256-LTHVJ,Yes,0.663821791795098
4785-FCIFB,No,0.013906953433970842
8313-NDOIA,Yes,0.8212105015325741
5149-CUZUJ,No,0.1937704006344208
0942-KOWSM,No,0.027975354291929707
4237-CLSMM,No,0.3766806347997961
1452-VOQCH,Yes,0.9360796724708179
4719-UMSIY,No,0.17409811245317092
6614-VBEGU,No,0.24297880514118408
0880-TKATG,Yes,0.8861963325693447
3811-VBYBZ,Yes,0.9321275367906509
1480-BKXGA,No,0.07787468778579645
2996-XAUVF,No,0.10719811129317035
9076-AXYIK,No,0.16744183139280777
5968-XQIVE,No,0.30598200933354375
8896-RAZCR,No,0.019998708489931405
4640-UHDOS,No,0.47822377084675993
4933-IKULF,No,0.03747395474917736
3583-EKAPL,Yes,0.7724328506580391
1304-BCCFO,No,0.42387750312427536
4104-PVRPS,No,0.1936694760507695
9399-APLBT,Yes,0.8942789676061547
2359-KMGLI,Yes,0.7783145927580304
3780-DDGSE,No,0.2720163349762112
4431-EDMIQ,No,0.33546131729509693
0306-JAELE,Yes,0.8460046605309585
6227-HWPWX,Yes,0.5841049503606803
0486-LGCCH,No,0.019282447945772028
0447-BEMNG,No,0.266441527676983
4612-SSVHJ,Yes,0.6098851907620982
5168-MQQCA,No,0.2844458491257962
5949-XIKAE,Yes,0.8196523592025967
7971-HLVXI,No,0.16276855393307252
9094-AZPHK,Yes,0.8680091551472122
3649-JPUGY,No,0.03532443934482332
8372-JUXUI,Yes,0.9266909788103778
3552-CTCYF,No,0.3747030724764254
6778-YSNIH,Yes,0.5267140423298718
0388-EOPEX,Yes,0.6664433808864357
5756-OZRIO,No,0.1521885489027219
6579-JPICP,No,0.4404877201216667
8205-OTCHB,Yes,0.5694876493716785
4134-BSXLX,No,0.12658440283119293
0505-SPOOW,No,0.011417836160014381
6235-VDHOM,Yes,0.6669047912745822
7783-YKGDV,Yes,0.803635349882405
4374-YMUSQ,No,0.35830608590729607
4513-CXYIX,No,0.1134714112726573
3957-HHLMR,No,0.0759398587868898
7803-XOCCZ,No,0.2579891460602891
5736-YEJAX,No,0.07283842998097607
5609-CEBID,Yes,0.8311846481267581
8981-FJGLA,Yes,0.7056038059863841
7218-HKQFK,Yes,0.8480647068105714
4636-QRJKY,Yes,0.8679492701612067
1135-LMECX,Yes,0.5303178845088665
4332-MUOEZ,No,0.25235106751267694
8535-SFUTN,No,0.4919436812946555
5956-VKDTT,Yes,0.8787500942981508
8677-HDZEE,No,0.4943459401877901
2475-MROZF,No,0.2923485413460209
9412-GHEEC,Yes,0.6854914983001558
3482-ABPKK,No,0.041571453913830554
6705-LXORM,Yes,0.7451472737713528
0257-ZESQC,Yes,0.6255862303349391
7531-GQHME,No,0.24510175948639232
5174-ITUMV,No,0.39717525220255345
4109-CYRBD,No,0.36832066207495595
0913-XWSCN,No,0.4218467154363454
6825-UYPFK,Yes,0.6393708417989867
8397-MVTAZ,Yes,0.7993854017231291
0750-EBAIU,No,0.3588550586231993
8606-CIQUL,No,0.03512726777496421
3571-DPYUH,No,0.1364301275291223
7601-GNDYK,No,0.008436679485927015
0356-OBMAC,No,0.1885417638007372
8067-NIOYM,No,0.02481305833099034
1403-GYAFU,No,0.0019968644320007833
4234-XTNEA,Yes,0.908033606477462
1297-VQDRP,No,0.3268056059185152
9282-IZGQK,Yes,0.9481818328249916
5348-CAGXB,Yes,0.8415320643004304
0621-HJWXJ,No,0.4794313463329959
5844-QVTAT,No,0.06358632684339807
8905-IAZPF,No,0.30347462171255063
5394-MEITZ,No,0.01595060074138204
6859-QNXIQ,No,0.06594012990485336
2782-LFZVW,No,0.4682265814268724
2866-IKBTM,Yes,0.5414974570376971
1342-JPNKI,Yes,0.8828824698926178
2817-NTQDO,Yes,0.6184550393751561
7129-AZJDE,No,0.2793697934768383
6986-IJDHX,Yes,0.5320820532064613
2560-PPCHE,No,0.34442747072713115
4676-MQUEA,No,0.24178664176813544
8138-EALND,No,0.2588511455215692
3580-HYCSP,No,0.06173175951536879
1352-HNSAW,No,0.07232272932681137
2075-PUEPR,No,0.06233346776137027
1982-FEBTD,No,0.1041812506609671
5301-GAUUY,Yes,0.5791736854343151
5791-KAJFD,No,0.09858744989390322
2654-VBVPB,No,0.49072640562050396
1154-HYWWO,No,0.186617591180446
2501-XWWTZ,Yes,0.6372063823819847
3716-UVSPD,Yes,0.7024270249690647
6815-ABQFQ,Yes,0.5443990270514069
7343-EOBEU,No,0.36752434321064253
3701-SFMUH,No,0.28544108191515727
6103-LIANB,No,0.23952868925774504
7319-VENRZ,No,0.32160409920390415
5846-NEQVZ,No,0.031177404799251282
6967-QIQRV,No,0.38635117177930683
5781-RFZRP,No,0.060054721286938735
0939-YAPAF,Yes,0.8051686493310317
0308-IVGOK,No,0.2404391414505205
7293-LSCDV,No,0.021478865194356236
7025-WCBNE,No,0.07606535427593776
5756-JYOJT,No,0.20370743945582778
4710-FDUIZ,No,0.47985710884108435
6030-REHUX,Yes,0.662261859582341
9548-LIGTA,No,0.016402744001761223
5150-LJNSR,No,0.18925500233076864
8270-RKSAP,Yes,0.7440802031536242
6522-YRBXD,Yes,0.5073578234284042
2640-LYMOV,No,0.3053048331474898
1218-VKFPE,No,0.35174685833395003
3627-FHKBK,Yes,0.6687004019349693
2865-TCHJW,Yes,0.9194666308810581
1423-BMPBQ,Yes,0.5255902876606324
2393-DIVAI,No,0.22968422731545823
5192-EBGOV,Yes,0.9470973269344598
4568-KNYWR,No,0.06817400393840845
8752-IMQOS,No,0.05879799526481004
0742-LAFQK,No,0.10062267727167355
0795-LAFGP,No,0.04898641504027235
0619-OLYUR,No,0.13528757774909828
5512-IDZEI,No,0.07648469190019337
0459-SPZHJ,No,0.07657344626361205
0215-BQKGS,No,0.4660224324037946
9244-ZVAPM,Yes,0.7856867087998012
0719-SYFRB,No,0.3532542388686115
8208-EUMTE,No,0.0820115971582204
5172-MIGPM,No,0.4739369572217721
1710-RCXUS,No,0.2863726490120795
0374-FIUCA,No,0.02010504020172975
5839-SUYVZ,No,0.46967249132327504
5173-ZXXXL,No,0.03532626298662662
1096-ADRUX,No,0.20355061448547285
2001-MCUUW,No,0.24253668376925133
2731-GJRDG,No,0.49903805779085797
4723-BEGSG,No,0.04307804815819984
6516-NKQBO,No,0.08909670530544445
8672-OAUPW,No,0.10161395394243322
8207-DMRVL,No,0.07019593338473937
3419-SNJJD,Yes,0.5688831742522265
6543-CPZMK,Yes,0.5113773368903188
4765-OXPPD,No,0.46246184592844775
2804-ETQDK,No,0.03450146499238813
6689-VRRTK,No,0.42323387469635143
7138-GIRSH,No,0.04007134342176385
9396-ZSFLL,No,0.4329887157179843
6464-KEXXH,Yes,0.5948346249576181
7134-MJPDY,No,0.4201752089464649
5240-CAOYT,No,0.24806424269784946
4059-IIEBK,Yes,0.8433554013371999
4881-JVQOD,No,0.4793724612935728
0516-UXRMT,No,0.2652517606346759
4851-BQDNX,Yes,0.5483586086779517
5148-HKFIR,No,0.018026512948408815
1009-IRMNA,No,0.4505363421688294
3003-CMDUU,Yes,0.5373257452561678
5016-IBERQ,Yes,0.5391371686805227
6797-UCJHZ,No,0.32893339596410315
2469-DTSGX,No,0.13666314359389523
4554-YGZIH,Yes,0.6049987138356886
5099-BAILX,Yes,0.7142285947322033
9931-KGHOA,No,0.16312971421373318
1775-KWJKQ,No,0.05446824789336857
7665-VIGUD,No,0.029608122920328286
9411-TPQQV,No,0.08918357387635283
7207-RMRDB,Yes,0.7066705277473322
7954-MLBUN,No,0.17553635241956908
2077-DDHJK,No,0.10986057669421637
4913-EHYUI,Yes,0.5310306159398466
0195-IESCP,Yes,0.9089206382407077
9574-BOSMD,No,0.0058744347586082175
4580-TMHJU,Yes,0.5449115500737569
0970-ETWGE,Yes,0.9111372858223511
4908-XAXAY,No,0.24820410260880085
8404-VLQFB,No,0.22205185170007374
1626-ERCMM,Yes,0.8192325764727449
0887-HJGAR,Yes,0.7787331957782679
2391-IPLOP,No,0.18132318908288322
5644-PDMZC,Yes,0.8449827661179123
3509-GWQGF,Yes,0.5222792184061306
9576-ANLXO,Yes,0.7680195963622204
2024-BASKD,Yes,0.9043951856211184
5845-BZZIB,No,0.004709268096968249
1140-UKVZG,No,0.19947409944997738
4160-AMJTL,No,0.38284143208291344
5183-SNMJQ,Yes,0.6492989860441789
8100-PNJMH,No,0.0172637530628186
7838-LAZFO,No,0.15844013981351107
4464-JCOLN,No,0.08530090709036924
2085-JVGAD,No,0.22396757165273892
5650-VDUDS,Yes,0.7647760263015491
8095-WANWK,No,0.47285424575381363
3030-ZKIWL,Yes,0.5969173031228472
9565-FLVCG,No,0.03730352045309194
8755-OGKNA,No,0.01713505669705497
2800-VEQXM,Yes,0.8184145526638139
7538-GWHML,Yes,0.837406234516659
5533-RJFTJ,No,0.3370218931817373
3859-CVCET,Yes,0.7434379938999384
0214-JHPFW,No,0.0388458106214774
5642-MHDQT,No,0.10570353282802487
3088-FVYWK,No,0.030845717760981464
3276-HDUEG,Yes,0.9298643161419358
9092-GDZKO,No,0.21228287703643708
0823-HSCDJ,Yes,0.6521871840237202
3729-OWRVL,No,0.3592271544857217
2324-AALNO,No,0.10416470567593428
0822-GAVAP,Yes,0.906509349407711
5760-IFJOZ,Yes,0.7801019056386652
2826-UWHIS,No,0.40325950719295733
1448-PWKYE,Yes,0.8701402323478489
7501-IWUNG,No,0.018496648854235367
4957-TREIR,No,0.4366498574787261
7251-LJBQN,No,0.4252876105498716
8040-MNRTF,Yes,0.919031735911238
1536-HBSWP,Yes,0.7283536388227443
5313-FPXWG,No,0.09992889002225994
0067-DKWBL,Yes,0.8269402014190175
0946-FKYTX,No,0.3119135866244995
5076-YVXCM,Yes,0.5014405780824256
8262-COGGB,Yes,0.5577414770329278
6663-JOCQO,No,0.12077298575107165
9620-QJREV,No,0.025236038021324562
2276-YDAVZ,Yes,0.891005208190046
2682-KEVRP,No,0.013757341484014172
2480-JZOSN,Yes,0.6592771959814748
0078-XZMHT,No,0.02794454188222614
5896-NPFWW,Yes,0.8109178684414177
9978-HYCIN,No,0.21633169791850473
8338-QIUNR,No,0.0806162981671789
1525-LNLOJ,No,0.08605063604828725
9450-TRJUU,Yes,0.6741970381507201
1766-GKNMI,Yes,0.8003409620605298
6942-LBFDP,No,0.234673396587407
1456-TWCGB,Yes,0.5413538980302005
7133-VBDCG,Yes,0.6463483226811753
7596-ZYWBB,No,0.05416938419798067
8329-UTMVM,No,0.4289829358722566
3014-WJKSM,No,0.4963651368170101
3347-YJZZE,No,0.22067145778541228
1029-QFBEN,Yes,0.5828105611020503
7929-DMBCV,No,0.4030595188758753
9661-JALZV,No,0.06065114741708956
5433-KYGHE,No,0.49730721897755736
4312-KFRXN,No,0.017007818761522065
5575-TPIZQ,No,0.48546398013374537
0114-IGABW,No,0.04054649089358624
9944-AEXBM,Yes,0.6430261335977527
1853-ARAAQ,No,0.49994189899825975
6952-OMNWB,No,0.41156259448550564
4697-LUPSU,No,0.061186306169993356
8434-VGEQQ,No,0.00527736785075305
4952-YSOGZ,Yes,0.9129544548447054
1589-AGTLK,Yes,0.8053568614806548
5244-IRFIH,Yes,0.8201583332934066
6549-YMFAW,No,0.3227583950999355
4950-HKQTE,No,0.0926065414459768
6786-OBWQR,Yes,0.7847867976820785
2684-EIWEO,Yes,0.5921773576227493
2753-JMMCV,No,0.05791628869637151
6439-GTPCA,Yes,0.6862030042353816
6621-YOBKI,No,0.27969676840133795
1216-JWVUX,Yes,0.6324048713236626
7564-GHCVB,No,0.03888293835156791
1173-NOEYG,Yes,0.5287410622044063
7595-EHCDL,No,0.3348278314056047
6647-ZEDXT,No,0.33444744009555244
2521-NPUZR,No,0.12147948980781864
1307-TVUFB,Yes,0.5364226786153754
7503-MIOGA,No,0.03284681913032491
4381-MHQDC,No,0.05715583544106929
6923-JHPMP,Yes,0.5969731266014334
5138-WVKYJ,Yes,0.8069867111912776
4018-PPNDW,No,0.03080572212401753
1635-FJFCC,Yes,0.6533895444351278
2499-AJYUA,No,0.10561269570856893
6919-ELBGL,No,0.05345337615165681
3966-HRMZA,Yes,0.8180306605921911
6425-JWTDV,No,0.03899985049665586
8405-IGQFX,No,0.19411115632877454
8224-IVVPA,No,0.2837892509047024
9477-LGWQI,No,0.04921884804497063
1410-RSCMR,No,0.26639649185250497
0139-IVFJG,Yes,0.5744454420592795
6683-VLCTZ,Yes,0.8775476334265916
5730-DBDSI,No,0.07436111955215899
0030-FNXPP,No,0.3505847418397169
2189-WWOEW,Yes,0.7433337637557396
5684-FJVYR,No,0.06878318505275212
4013-GUXND,No,0.4746086933649534
1894-IGFSG,Yes,0.6548315195977868
7379-POKDZ,Yes,0.8123574014234828
1266-NZYUI,No,0.06588472488084943
7969-FFOWG,No,0.004711041958778416
4718-DHSMV,Yes,0.551616114441851
5175-WLYXL,Yes,0.5965580300427655
7817-OMJNA,No,0.0887916433229038
8728-SKJLR,Yes,0.5219126983540078
3137-NYQQI,No,0.13194901072673235
7706-DZNKK,No,0.17396147771854634
0236-HFWSV,Yes,0.8579869242897942
3900-AQPHZ,Yes,0.5462331958719994
5842-POCOP,Yes,0.7656903226382982
2037-XJFUP,Yes,0.648725205791928
8823-RLPWL,No,0.05791368158477438
9505-SQFSW,Yes,0.5087571878372262
7314-OXENN,Yes,0.8921763837327956
3758-CKOQL,No,0.298362629842109
0322-CHQRU,Yes,0.823639561974249
5676-CFLYY,No,0.02714020170675144
7521-AFHAB,Yes,0.5250241539813172
0285-INHLN,No,0.22685334472421984
4678-DVQEO,Yes,0.7366373286845054
5125-CNDSP,No,0.041678490576657595
0691-IFBQW,Yes,0.5380844873007441
4992-LTJNE,No,0.0370574517432391
2202-OUTMO,No,0.1384152074745984
0810-BDHAW,No,0.17455195268479318
0229-LFJAF,No,0.018431345216718353
7131-ZQZNK,No,0.03617986335769103
3442-ZHHCC,No,0.25899898338605254
5726-CVNYA,No,0.09773899238587595
9871-ELEYA,No,0.09960516525976403
4257-GAESD,Yes,0.6044823944660008
5173-WXOQV,No,0.43991607477534345
2040-OBMLJ,No,0.134806818345463
6286-ZHAOK,No,0.2133943445401525
3807-XHCJH,Yes,0.5665988813732374
3009-JWMPU,Yes,0.6408430380794974
5671-RQRLP,No,0.12803078224611422
1450-GALXR,Yes,0.8680625227648359
8859-AXJZP,No,0.046587119365332816
3174-AKMAS,No,0.07792677726527011
3138-BKYAV,Yes,0.8717795515456649
9926-PJHDQ,No,0.11982601958532328
7382-DFJTU,No,0.3455767723251514
2798-NYLMZ,No,0.30140547301622855
4289-DTDKW,Yes,0.7911187800065456
1820-TQVEV,Yes,0.9358250291928408
2239-JALAW,Yes,0.6165254392126984
4853-RULSV,No,0.47767933704802706
8098-TDCBU,No,0.0393616672354358
3551-GAEGL,No,0.17826352389050623
4785-NKHCX,No,0.35820799619894456
3196-NVXLZ,Yes,0.6877023032475275
6275-YDUVO,Yes,0.888167788995609
0036-IHMOT,No,0.2359615416295239
0115-TFERT,Yes,0.7430230999964916
4178-EGMON,No,0.05436775561693083
4220-TINQT,Yes,0.5235509961374463
5318-YKDPV,No,0.03459786789687509
7975-TZMLR,Yes,0.5543072545903505
0295-QVKPB,No,0.4924929794336714
4335-BSMJS,No,0.04168596360796817
2311-QYMUQ,Yes,0.7136336632803449
3643-AHCFP,Yes,0.9242136780948755
9146-JRIOX,No,0.2668456795247696
3104-OWCGK,No,0.4975582026891407
5337-IIWKZ,No,0.23309830777658438
9101-BWFSS,Yes,0.5762532533013189
9650-VBUOG,No,0.03347302822304023
3487-EARAT,No,0.17506777563573714
2672-TGEFF,Yes,0.5311880257852589
9231-ZJYAM,Yes,0.8953799787989005
4250-WAROZ,No,0.37085516391516676
8184-WMOFI,No,0.18094918798436663
6982-SSHFK,Yes,0.7500119676452957
6092-QZVPP,No,0.1759891673514756
4625-LAMOB,No,0.006929160481546253
0727-BMPLR,Yes,0.578342961284004
0392-BZIUW,No,0.13574356033176252
1038-ZAGBI,No,0.32282973541115395
6549-NNDYT,No,0.44600168965478876
3027-ZTDHO,Yes,0.9129406316939472
0422-OHQHQ,No,0.073967630516256
6916-HIJSE,No,0.03304719558394926
2316-ESMLS,No,0.1129697944676936
9778-OGKQZ,No,0.02543967522836219
7408-OFWXJ,No,0.0763444221031179
6007-TCTST,No,0.07410115498278808
2252-NKNSI,No,0.051118579302235956
8713-IGZSO,No,0.26019161128340634
7905-TVXTA,Yes,0.5793078137183323
7695-PKLCZ,No,0.0097930532007306
2382-BCKQJ,Yes,0.6037814265397676
8374-UULRV,No,0.04892947270087954
2207-NHRJK,Yes,0.7244301246820309
3224-DFQNQ,No,0.1992140422696371
5275-PMFUT,No,0.0019650533049651465
4795-UXVCJ,No,0.008836169823759591
9777-IQHWP,No,0.1696118200536428
0947-MUGVO,Yes,0.8052015163240388
9944-HKVVB,Yes,0.9007858688243778
4124-MMETB,Yes,0.810631846243262
3671-SHRSP,Yes,0.8546119938475812
0979-MOZQI,No,0.06512435072915787
2732-ISEZX,No,0.18430541189420924
3313-QKNKB,No,0.2813621052490532
0323-XWWTN,No,0.10023193370246329
1937-OTUKY,No,0.10300216098513065
1573-LGXBA,No,0.2812639951746036
1764-VUUMT,No,0.03776101566804785
5073-WXOYN,Yes,0.5949421086140411
4713-ZBURT,No,0.23787258365313202
3050-GBUSH,Yes,0.7163499942625492
0207-MDKNV,Yes,0.8188584963151743
7876-AEHIG,No,0.10998268520837458
7945-HLKEA,No,0.11650923053705312
9342-VNIMQ,No,0.3009217151959495
9851-KIELU,Yes,0.6995526468368195
3523-BRGUW,No,0.01684809356828959
3908-BLSYF,Yes,0.8319440538411428
3199-NPKCN,No,0.33549510541236033
5170-PTRKA,No,0.04917893412727417
4661-NJEUX,Yes,0.6807141468814019
2123-AGEEN,Yes,0.8772242464362149
1258-YMZNM,No,0.3752985940860008
0048-LUMLS,No,0.30297898200726125
7549-MYGPK,Yes,0.5857933115450699
5898-IGSLP,No,0.31670770260945125
3804-RVTGV,Yes,0.698390302174588
6259-WJQLC,Yes,0.598155280374855
9227-LUNBG,Yes,0.7633560788325573
7997-EASSD,No,0.14604906229635503
0730-KOAVE,Yes,0.59679920726815
8975-SKGRX,No,0.11023159817129542
0678-RLHVP,No,0.3205411480051361
4315-MURBD,Yes,0.8663041569688641
2267-FPIMA,No,0.410246592655133
1051-GEJLJ,No,0.42421348929832803
9734-YWGEX,Yes,0.8767692682243804
2719-BDAQO,Yes,0.7652765316432706
5285-MVEHD,No,0.43386590788107104
0379-DJQHR,No,0.06864885928826493
0781-LKXBR,Yes,0.9372976871106319
5543-QDCRY,Yes,0.5355163323021465
0297-RBCSG,No,0.3829656722657017
4694-PHWFW,No,0.2396179267160867
0835-JKADZ,No,0.2007389787520948
1907-UBQFC,Yes,0.8006273325518005
7508-SMHXL,Yes,0.6361580133525836
3865-YIOTT,No,0.2549649432046542
5993-BQHEA,No,0.033371137505715784
6024-RUGGH,No,0.015723837559955642
6513-EECDB,Yes,0.9053807493914849
3956-CJUST,Yes,0.5299657654620632
4079-WWQQQ,No,0.012908456916695916
6103-BOCOU,Yes,0.7022788458808447
5149-TGWDZ,No,0.38547397414461454
7471-WNSUF,No,0.07211143211038426
8942-DBMHZ,No,0.2049138448745366
4301-VVZKA,Yes,0.7568990798826237
9199-PWQVC,No,0.12616224854769661
4824-GUCBY,Yes,0.5086936299004103
5393-HJZSM,No,0.20919550578641286
7074-IEVOJ,Yes,0.8921684103221923
9625-QSTYE,Yes,0.8409115274425931
0862-PRCBS,No,0.1326252914522047
8812-ZRHFP,No,0.3367034668874272
5146-CBVOE,No,0.4765906689796572
0454-OKRCT,No,0.09436021855843926
5787-KXGIY,No,0.04069550163529505
4750-ZRXIU,Yes,0.925031634230919
4198-VFOEA,No,0.12816383505572868
6630-UJZMY,Yes,0.8754553376941908
6400-BWQKW,Yes,0.5877058659549624
2692-AQCPF,No,0.2980473629271661
0347-UBKUZ,No,0.24697574087919658
0835-DUUIQ,No,0.1318467731817266
0811-GSDTP,No,0.37875833941077414
7567-ECMCM,Yes,0.5616078997519587
6115-ZTBFQ,No,0.01796921677855911
6353-BRMMA,No,0.3985835294665909
6680-WKXRZ,Yes,0.8644325367418189
6231-WFGFH,No,0.2661528277703606
9904-EHEVJ,Yes,0.5581588101161215
7028-DVOIQ,Yes,0.8492788972859353
6169-PPETC,No,0.015160973779405937
4208-UFFGW,Yes,0.7949530751694036
8584-KMVXD,Yes,0.6128649396519313
8467-WYNSR,No,0.2421560560112292
0851-DFJKB,No,0.44684244385491056
5382-SOYZL,Yes,0.8157405451613935
9448-REEVD,Yes,0.746439839984977
3261-CQXOL,No,0.00148337582756006
8388-FYNPZ,No,0.4222273571832856
4002-BQWPQ,No,0.20342389735437033
5651-YLPRD,Yes,0.5138025967817808
2826-DXLQO,Yes,0.5317446430697708
4378-BZYFP,No,0.026597769019661186
9489-UTFKA,No,0.4080832394683296
4849-PYRLQ,No,0.05917789853623989
9117-SHLZX,Yes,0.7787331957782679
9889-TMAHG,Yes,0.7562975530570443
4541-RMRLG,No,0.3660428213987046
7764-BDPEE,No,0.1647112698748645
3429-IFLEM,No,0.09802016480436737
3158-MOERK,Yes,0.9525037958926755
7294-TMAOP,Yes,0.9497670964743379
5002-GCQFH,No,0.4104308003356963
0556-FJEGU,No,0.04086631498926344
8919-FYFQZ,Yes,0.603916554890546
0604-THJFP,No,0.01762395609567888
2834-JRTUA,No,0.42691248879405297
5875-YPQFJ,Yes,0.936282676680293
5879-SESNB,Yes,0.7303009025581682
6646-QVXLR,Yes,0.5293287351292569
6461-PPAXN,No,0.027329310687686518
3318-ISQFQ,No,0.24298818221732985
1106-HRLKZ,No,0.007054212878021394
2483-XSSMZ,No,0.1980288213032937
8603-IJWDN,Yes,0.947788220827557
8165-ZJRNM,No,0.0027404067784685617
9369-XFEHK,Yes,0.6062933405896511
2604-XVDAM,No,0.4144514857487323
3717-OFRTN,No,0.4989326298673535
9046-JBFWA,No,0.13622271659225285
3280-NMUVX,No,0.008900574900500394
1206-EHBDD,No,0.1007157673382137
8361-LBRDI,No,0.05914212997767792
4883-KCPZJ,No,0.05905182138746025
9108-EQPNQ,No,0.06646147886990882
7277-KAMWT,No,0.030774329153688097
3842-IYKUE,Yes,0.5654381493131206
6641-XRPSU,Yes,0.6093483835647233
1374-DMZUI,Yes,0.9471859829300779
2545-LXYVJ,No,0.008078572508468603
3234-VKACU,Yes,0.5736080224622059
8357-EQXFO,Yes,0.9022936853209969
1989-PRJHP,Yes,0.7039970552575459
8120-JDCAM,Yes,0.7136241340627733
8917-FAEMR,No,0.009732165842983805
7047-YXDMZ,No,0.13615355621544886
2858-EIMXH,No,0.426343101734623
9524-EGPJC,Yes,0.7760675189851391
6993-OHLXR,Yes,0.827083918690433
8818-XYFCQ,Yes,0.693820663196904
6419-ZTTLE,No,0.028755203343778575
0929-HYQEW,Yes,0.620261168217385
6614-YOLAC,No,0.014685779073534177
7426-RHZGU,Yes,0.6831554265706598
4065-JJAVA,Yes,0.663878683256168
4695-VADHF,No,0.424988848982816
3863-IUBJR,No,0.49593206751995006
7649-SIJJF,No,0.013155439880955385
9361-YNQWJ,No,0.055206180113539845
3748-FVMZZ,Yes,0.6771013523674027
9391-TTOYH,No,0.18582420683184792
1452-XRSJV,No,0.19687655679612281
3422-WJOYD,No,0.047946211329711746
8242-SOQUO,Yes,0.8277073001711902
7460-ITWWP,Yes,0.6088228347364838
7147-AYBAA,Yes,0.5125873054253465
7868-TMWMZ,No,0.18994752200486664
4822-RVYBB,Yes,0.9445433517788724
6732-FZUGP,No,0.20606022254490933
8436-BJUMM,Yes,0.7343837260420149
4184-TJFAN,Yes,0.7981306503896768
8329-GWVPJ,Yes,0.531192671943458
1352-VHKAJ,No,0.14761123725967332
4145-UQXUQ,Yes,0.8948437396086378
2632-TACXW,No,0.008001533423988622
8146-QQKZH,No,0.0215337102982215
1767-CJKBA,No,0.028257117239605552
6445-TNRXS,No,0.1342038728579142
4581-LNWUM,Yes,0.6113673217823231
4869-EPIUS,No,0.344832592763927
9948-YPTDG,Yes,0.6324691087343337
1236-WFCDV,Yes,0.6852221635997637
1915-OAKWD,No,0.17052208972449803
7296-PIXQY,Yes,0.6771807974373508
4883-QICIH,Yes,0.6490495667174738
3354-OADJP,No,0.1043055941651771
3524-WQDSG,Yes,0.6230272153239355
0810-DHDBD,No,0.13507918355554413
4026-SKKHW,Yes,0.5885663836901996
2829-HYVZP,No,0.010485385368916514
8329-IBCTI,Yes,0.5542493675599095
1271-SJBGZ,Yes,0.691855702531619
3845-JHAMY,No,0.42045640440277465
7013-PSXHK,No,0.19304395322014392
5669-SRAIP,Yes,0.8203600741445756
5981-ITEMU,Yes,0.7450196495184033
3486-NPGST,No,0.006175936615152489
6941-PMGEP,Yes,0.8716531900342909
1624-WOIWJ,Yes,0.766668423779211
2074-GKOWZ,Yes,0.8563022174403807
0376-YMCJC,Yes,0.7136758545240316
6100-FJZDG,No,0.019565366541653893
4829-ZLJTK,No,0.072338909203451
1730-VFMWO,No,0.14707092813306255
7143-BQIBA,No,0.3331022673528333
3800-LYTRK,No,0.08490079695682294
0634-SZPQA,Yes,0.6371387083483185
9646-NMHXE,No,0.018751825654646066
7030-NJVDP,No,0.4012743668576696
5536-RTPWK,Yes,0.7208331429152618
8883-GRDWQ,No,0.14582094155427086
6166-ILMNY,Yes,0.8114379499611144
3097-NNSPB,Yes,0.7387552422176377
7771-ZONAT,No,0.08658588370773244
0655-RBDUG,Yes,0.9293693872326726
2111-DWYHN,No,0.49082455313921847
4194-WHFCB,No,0.30179307518616305
4121-AGSIN,No,0.03304948649782019
4361-BKAXE,Yes,0.6050995278368475
9845-PEEKO,No,0.11204841263319458
0455-XFASS,Yes,0.7564341381909991
0301-KOBTQ,No,0.018730336099436157
1751-NCDLI,Yes,0.8204839186746209
9878-TNQGW,Yes,0.8806753335046611
9170-ARBTB,No,0.030087822570504866
4441-NIHPT,Yes,0.8136309317388755
8999-BOHSE,Yes,0.8611076405941878
7241-AJHFS,No,0.21343760569057782
7029-RPUAV,Yes,0.7749613699532375
4546-FOKWR,Yes,0.7664572163173871
9036-CSKBW,No,0.31684155925688806
5832-TRLPB,No,0.2847747228551766
8590-YFFQO,No,0.06276520565434769
8659-IOOPU,No,0.13068577716129748
1338-CECEE,No,0.09140291319267498
7439-DKZTW,Yes,0.9281048168089806
4646-QZXTF,No,0.3818339066153826
4607-CHPCA,Yes,0.6167269623616507
9742-XOKTS,No,0.20333444688259492
6921-OZMFH,No,0.37707987413517075
9578-FOMUK,No,0.22770964132232832
4712-UYOOI,No,0.1767205184549077
8824-RWFXJ,Yes,0.6406370044074913
7722-CVFXN,No,0.3773003001787218
8717-VCTXJ,No,0.012295529445940416
7363-QTBIW,Yes,0.807978941565486
4159-NAAIX,No,0.21166987575044344
0971-QIFJK,No,0.006845070838954609
9397-TZSHA,No,0.04951472968396389
3391-JSQEW,No,0.27919347482287454
0343-QLUZP,No,0.042119749027468636
9763-PDTKK,Yes,0.7822567570153878
2176-LVPNX,No,0.054451378734896916
7627-JKIAZ,Yes,0.6471311726587098
3312-UUMZW,Yes,0.6980654594976423
1271-UODNO,No,0.11365119809480106
8461-EFQYM,No,0.0569382738628917
6900-RBKER,No,0.17406517386579023
6891-JPYFF,No,0.451285923196272
1459-QNFQT,No,0.01992639946063251
1047-NNCBF,Yes,0.5099016564976171
3696-XRIEN,No,0.16086564822625676
4081-DYXAV,Yes,0.5343369818245677
0074-HDKDG,No,0.08024523679602975
8791-GFXLZ,No,0.3768816753216433
8111-SLLHI,Yes,0.8124128408421707
0927-LCSMG,Yes,0.7286725659091869
9330-DHBFL,No,0.06989718226725324
0098-BOWSO,No,0.20540550866529955
3452-ABWRL,Yes,0.6732294967421171
5859-HZYLF,No,0.014960106400134138
8257-RZAHR,Yes,0.501523623011277
5293-WXJAK,Yes,0.8805159385980674
3156-QLHBO,No,0.222044077534352
2208-NQBCT,No,0.41458442733114687
1779-PWPMG,No,0.05217869953885174
6621-NRZAK,No,0.001278902562437375
0831-JNISG,No,0.004065880668455835
0774-IFUVM,No,0.3527555163613207
3082-WQRVY,No,0.05963144001196886
9553-DLCLU,No,0.12201868599675483
1641-BYBTK,No,0.16789120136352256
2460-NGXBJ,Yes,0.7433472245111234
2446-ZKVAF,No,0.2100907050832496
0841-NULXI,Yes,0.9317644678884298
3522-CDKHF,Yes,0.5305107013339877
1430-SFQSA,No,0.07103153607145672
0411-EZJZE,Yes,0.6324063909097497
7851-WZEKY,Yes,0.9495895382409096
8844-TONUD,Yes,0.7726121480448609
8807-ARQET,Yes,0.5735689278709322
8992-CEUEN,No,0.4186763223301612
4320-QMLLA,No,0.4900942651302261
8777-PVYGU,No,0.053179910711526966
8292-ITGYJ,No,0.03743171269848641
6870-ZWMNX,No,0.0636342625232971
0621-CXBKL,No,0.05355325541663343
5268-DSMNQ,No,0.2051035780620313
5334-JLAXU,No,0.3954938419716186
4086-YQSNZ,Yes,0.8735820371566845
6242-MBHPK,Yes,0.6718832217986459
5868-CZJDR,Yes,0.7705739212431396
9359-UGBTK,No,0.11930254900199325
0135-NMXAP,Yes,0.8809855910067816
4782-OSFXZ,No,0.025964116287961206
6479-OAUSD,No,0.01996733074096396
7129-ACFOG,Yes,0.5284581996856638
4189-NAKJS,No,0.21123984819401537
5562-BETPV,No,0.20053282704813816
1282-IHQAC,No,0.22089081682123016
9127-FHJBZ,No,0.052954092406181145
6270-OMFIW,No,0.39533645635460646
1641-RQDAY,Yes,0.6075126467166679
0107-WESLM,Yes,0.6274408851150197
6994-ORCWG,No,0.2770430658681665
1346-UFHAX,No,0.4725816589321687
3992-YWPKO,Yes,0.8266475938672039
2933-XEUJM,No,0.049727127757251015
0125-LZQXK,Yes,0.7516600570532636
5461-QKNTN,Yes,0.523190799054405
4835-YSJMR,No,0.08827976869275944
8399-YNDCH,Yes,0.5417331681551176
3164-YAXFY,No,0.37962012427220065
0887-WBJVH,No,0.31399891541208447
4660-IRIBM,Yes,0.5746516982245483
5673-FSSMF,Yes,0.7838535701399207
7670-ZBPOQ,No,0.04690033271352642
8089-UZWLX,No,0.22498722852237094
0080-OROZO,No,0.47999620951486677
3916-NRPAP,Yes,0.7614865337945825
6807-SIWJI,No,0.40327184775482344
8221-HVAYI,No,0.03577155783972396
1579-KLYDT,Yes,0.8960227978003349
5232-NXPAY,No,0.05926243232980089
8967-SZQAS,No,0.2769205390152163
4468-KAZHE,No,0.31395064717916776
0455-ENTCR,No,0.06092984931085934
8944-AILEF,No,0.2553003335007119
5542-NKVRU,No,0.008472676597413003
7126-RBHSD,Yes,0.5594043088375179
5370-IIVVL,No,0.44812058099762403
6789-HJBWG,No,0.3237971280837205
3927-NLNRY,No,0.47160606088042134
9087-EYCPR,No,0.02547900575573946
6791-YBNAK,No,0.3214436957680445
6358-LYNGM,Yes,0.9367813032016031
6077-BDPXA,Yes,0.798275715785451
0013-MHZWF,Yes,0.5011972033121442
5494-HECPR,Yes,0.9422545530888978
8268-YDIXR,No,0.297557610725262
9824-BEMCV,Yes,0.76946951246697
1373-ORVIZ,Yes,0.610076509239012
4291-SHSBH,Yes,0.7468801157495675
6980-IMXXE,No,0.007749912276054546
9866-QEVEE,Yes,0.7333026054883705
9897-KXHCM,Yes,0.8645490377961094
0040-HALCW,No,0.013961044845889318
0784-GTUUK,No,0.05359384556935127
7979-CORPM,Yes,0.7615199834802867
2294-DMMUS,No,0.2700173953577236
0872-JCPIB,No,0.2684106043835426
3055-MJDSB,Yes,0.6501703687228163
9091-WTUUY,No,0.037816316712338954
1618-CFHME,Yes,0.8860121475452508
3165-HDOEW,Yes,0.7827602644402004
6581-NQCBA,Yes,0.732860920533532
7115-IRDHS,No,0.011556850287576161
8496-DMZUK,No,0.16246420770767983
2040-VZIKE,No,0.49416618337092905
9068-VPWQQ,No,0.07497350334300251
0178-SZBHO,Yes,0.5145964588098071
0384-RVBPI,No,0.2207291147104549
1689-MRZQR,Yes,0.7165785458998213
1299-AURJA,No,0.007059037456546243
4525-VZCZG,No,0.3436544366413784
1543-LLLFT,No,0.19870836694662453
5835-BEQEU,Yes,0.8948649921349678
2788-CJQAQ,No,0.01686012401962338
5565-FILXA,Yes,0.888457773978031
0319-QZTCO,No,0.4847820306346816
2120-SMPEX,No,0.16253294646954325
0096-FCPUF,No,0.1942363965270991
0668-OGMHD,Yes,0.5401872375918734
5552-ZNFSJ,Yes,0.8347140952488818
2223-KAGMX,No,0.46738697353967606
6507-ZJSUR,Yes,0.6980104730221717
9408-HRXRK,No,0.4242018050372104
5593-SUAOO,No,0.18441684820230964
7321-PKUYW,Yes,0.8278935532798433
2833-SLKDQ,Yes,0.7869048528272561
6766-HFKLA,No,0.1990433860501721
7595-EUIVN,Yes,0.8043040500990417
7617-EYGLW,Yes,0.5482191134061387
2026-TGDHM,Yes,0.850686158141157
9220-ZNKJI,No,0.12226696159917746
4030-VPZBD,Yes,0.7875238156470576
2226-ICFDO,No,0.033892505920861356
0723-VSOBE,No,0.3129490438527222
5529-GIBVH,No,0.00800816195571461
4187-CINZD,No,0.4619481051872558
9992-UJOEL,Yes,0.777557985750268
4741-WWJQZ,Yes,0.628082667570062
6625-UTXEW,No,0.279921051315767
6818-WOBHJ,Yes,0.5603501599866876
6244-BESBM,No,0.1488594866224825
1004-NOZNR,No,0.31383697155395185
1251-STYSZ,Yes,0.5704879096040357
2612-PHGOX,No,0.04170491588533621
2408-TZMJL,Yes,0.5921107656318534
8480-PPONV,No,0.25433455420848494
8780-IHCRN,No,0.012504505459638628
4598-ZADCK,No,0.14105295619564764
1257-SXUXQ,No,0.26308795280778585
9681-KYGYB,No,0.45681387223254455
7182-OVLBJ,No,0.19661293324496473
5095-ETBRJ,No,0.032937866832506296
7005-CYUIL,No,0.08910997409842804
4821-WQOYN,No,0.010689987690093751
4730-AWNAU,No,0.12210110009722863
3452-FLHYD,No,0.030003939243646513
2388-LAESQ,No,0.05217869953885174
9531-NSBMR,No,0.030874850703966283
6260-ONULR,Yes,0.7104614361723885
4389-UEFCZ,No,0.141204056111559
8711-LOBKY,No,0.013552440445719327
9134-CEQMF,Yes,0.9007235342226376
8985-OOPOS,No,0.3840614633956709
8800-ZKRFW,Yes,0.625819208002914
2616-FLVQC,No,0.10132675168069061
9968-FFVVH,No,0.07920346687012686
3108-PCCGG,No,0.07381144973762144
7993-PYKOF,Yes,0.6627224398042812
8390-FESFV,No,0.017291866176945527
3022-BEXHZ,No,0.34750120529318757
5027-XWQHA,Yes,0.7532810841737949
6248-TKCQV,No,0.032003298447543946
6729-GDNGC,Yes,0.5245397655919162
6198-ZFIOJ,Yes,0.8432228168704663
5989-OMNJE,No,0.2994246235352186
4566-QVRRW,Yes,0.6095284805974982
1291-CUOCY,No,0.1742181099576996
9795-SHUHB,No,0.04070200360196826
3230-IUALN,No,0.032000428310678675
0042-RLHYP,No,0.009046180156640365
8519-IMDHU,Yes,0.8263446299723252
4945-RVMTE,No,0.3096243107475043
0201-OAMXR,Yes,0.5022057397582114
1866-NXPSP,No,0.2032942010262228
3372-KWFBM,Yes,0.8546504689565615
7831-QGOXH,Yes,0.8323181593848941
6393-WRYZE,Yes,0.800563703565566
3941-XTSKM,No,0.2417887225310775
1661-CZBAU,No,0.10730753377406804
6599-RCLCJ,Yes,0.6967744894908706
9831-BPFRI,No,0.4523630879404166
5158-RIVOP,No,0.041268503874045244
9788-YTFGE,No,0.23800689107517622
9277-JOOMO,No,0.26374161269626567
1907-YLNYW,No,0.3703070341735976
1725-MIMXW,Yes,0.5984886377748329
8947-YRTDV,No,0.14617557476622828
3161-ONRWK,No,0.04614223981300654
0114-RSRRW,No,0.28802283574406784
4565-NLZBV,No,0.010699641252345812
0031-PVLZI,No,0.3507383995310654
7206-GZCDC,Yes,0.9313828456728105
6682-VCIXC,No,0.05370963266004691
4791-QRGMF,Yes,0.5115389321200502
6475-VHUIZ,No,0.3186716058539438
3910-MRQOY,No,0.014677122523489787
0661-WCQNQ,No,0.10840776237205492
7537-RBWEA,Yes,0.7756463180601881
4656-CAURT,No,0.018363560754041684
0121-SNYRK,No,0.05910576583810486
1768-ZAIFU,Yes,0.8894576528007129
4671-LXRDQ,Yes,0.7781789679287149
3733-LSYCE,Yes,0.5408128587852434
6265-FRMTQ,No,0.03329442801708592
1934-SJVJK,Yes,0.6152419723550305
3838-OZURD,Yes,0.7059741871772313
9269-CQOOL,Yes,0.7399508557473732
2017-CCBLH,No,0.030959793696553006
7690-KPNCU,No,0.20887356087796088
0536-BGFMZ,No,0.15948469290030634
2293-IJWPS,No,0.4487909963221294
2845-HSJCY,Yes,0.7921176207935969
5469-NUJUR,No,0.028429193032319222
1184-PJVDB,Yes,0.8560460461844792
2625-TRCZQ,Yes,0.5225084714536198
4102-HLENU,No,0.040639968197680634
7266-GSSJX,No,0.2184351932770023
7722-VJRQD,No,0.017959410246675543
7073-QETQY,No,0.0407245271449665
9415-DPEWS,Yes,0.8650429505965224
5624-RYAMH,No,0.24569010905869534
0196-JTUQI,Yes,0.754370043255607
7130-YXBRO,Yes,0.5111596496950934
9272-LSVYH,Yes,0.5466551967474952
7943-RQCHR,Yes,0.9249050348819648
3793-MMFUH,Yes,0.8838055323826591
3249-ZPQRG,Yes,0.7673589045709652
2568-BRGYX,Yes,0.8153976477051534
3084-DOWLE,No,0.029391295818170758
1084-MNSMJ,No,0.023928473385926827
7721-JXEAW,Yes,0.5622576277094287
7249-WBIYX,Yes,0.877240874648139
4238-HFHSN,Yes,0.5464806217566066
6250-CGGUN,No,0.21267226223839525
5478-JJVZK,No,0.24273627696022698
7596-IIWYC,No,0.02244365350270907
6567-HOOPW,Yes,0.9517414583685057
9793-WECQC,Yes,0.5424439311960887
4291-HPAXL,Yes,0.5783379287883627
8999-YPYBV,No,0.014446935306241316
1839-FBNFR,No,0.009525614343762402
3164-AALRN,Yes,0.6621688058990689
3071-MVJCD,No,0.04472035264337656
1697-BCSHV,No,0.2069741613976147
0562-KBDVM,No,0.02489900833520106
1131-SUEKT,No,0.24309250142038513
3717-OEAUQ,Yes,0.7724628369854996
4538-WNTMJ,No,0.05212585533710967
3334-CTHOL,Yes,0.7701547959955846
4704-ERYFC,Yes,0.7037645946974572
9432-RUVSL,No,0.20393368065481407
8060-HIWJJ,No,0.020520854384694524
7684-XSZIY,No,0.006537137939415413
9089-UOWJG,No,0.3545761983085826
8621-MNIHH,Yes,0.7137596449281145
8039-ACLPL,No,0.033610781722349076
9885-AIBVB,Yes,0.6562444807340758
1934-MKPXS,No,0.005617862589675929
2592-YKDIF,Yes,0.5514795821491388
2272-JKMSI,No,0.34527324008466803
0471-LVHGK,Yes,0.548070137073538
9518-RWHZL,Yes,0.5528025508140844
8714-CTZJW,Yes,0.801659642983802
3569-EDBPQ,No,0.447430599887
3131-NWVFJ,No,0.08927421534393207
7521-YXVZY,No,0.181259281019598
5419-CONWX,Yes,0.8439977652796028
6240-EURKS,Yes,0.639186995997814
2373-NTKOD,No,0.4922205652398923
1970-KKFWL,No,0.04667129755465114
6960-HVYXR,Yes,0.8988562836611429
9337-SRRNI,No,0.033975725604397
0895-UADGO,No,0.0791396047561461
5678-VFNEQ,No,0.2464275823856096
5977-CKHON,Yes,0.5353650023566805
7024-OHCCK,Yes,0.9548459105972851
2692-BUCFV,Yes,0.5673273554873477
7861-UVUFT,Yes,0.7838898749593779
1830-GGFNM,No,0.14956806670142603
5302-BDJNT,No,0.4675785995211483
5223-UZAVK,No,0.34142325540252577
4859-ZSRDZ,No,0.04090440995198551
5651-WYIPH,No,0.38607720793485795
9350-VLHMB,No,0.40858190974260766
3498-LZGQZ,No,0.017213310832819205
8785-CJSHH,Yes,0.6543128473346317
5357-TZHPP,Yes,0.8570218450671868
3870-SPZSI,No,0.07063201244715482
0680-DFNNY,Yes,0.8758636104751238
7560-QRBXH,No,0.02297900603793569
7077-XJMET,No,0.4258746713176333
8752-GHJFU,No,0.20381468861011928
6896-SRVYQ,Yes,0.5838475955347736
7767-UXAGJ,Yes,0.8126633922216208
4652-ODEVH,No,0.02265911722516666
6510-UPNKS,No,0.14105222677164878
6718-BDGHG,No,0.07400122339501272
9046-DQMTP,No,0.1725873361995805
6439-LAJXL,No,0.25803895288403716
1571-SAVHK,Yes,0.8195608962645755
9052-VKDUW,No,0.3878363607238416
9546-CQJSU,Yes,0.9263507571713835
1666-JZPZT,No,0.25592366245266707
5777-KJIRB,No,0.14856792579432182
0506-LVNGN,Yes,0.7879514466385159
7677-SJJJK,No,0.06112017165954514
2480-EJWYP,No,0.3949527587070332
3253-HKOKL,No,0.28373976333357825
7055-HNEOJ,Yes,0.5107662268921762
5514-YQENT,No,0.2082860182460397
3211-AAPKX,Yes,0.6773575057738725
8445-DNBAE,Yes,0.7586925268317255
2951-QOQTK,Yes,0.7912279227692145
2958-NHPPS,No,0.13216036442397006
6806-YDEUL,No,0.4243612213187363
1735-XMJVH,No,0.29087394459997795
6890-PFRQX,No,0.19133755957890058
0222-CNVPT,No,0.34761554978347187
5899-OUVKV,Yes,0.635107614459144
8681-ICONS,No,0.17889051099774966
1621-YNCJH,No,0.14400093899523347
3473-XIIIT,Yes,0.8627308552207459
6362-QHAFM,Yes,0.6952258288550229
7893-IXHRQ,No,0.43912643501446197
3070-BDOQC,No,0.3331677836310441
2952-QAYZF,Yes,0.8644536755337325
6234-PFPXL,No,0.4046948747901757
9824-QCJPK,No,0.00887159478008244
4763-PGDPO,Yes,0.816498249565236
4283-IVYCI,No,0.3530842049493512
1866-OBPNR,Yes,0.6928778533914708
8205-MQUGY,No,0.4809343110342193
8970-ANWXO,No,0.28789255584634893
9480-BQJEI,No,0.24914032562223848
5394-SVGJV,Yes,0.657514253349084
6979-TNDEU,No,0.2418621234423472
9777-WJJPR,Yes,0.5342124493190399
9283-LZQOH,Yes,0.7835231573226951
7079-QRCBC,Yes,0.8532920739073083
9495-SKLKD,No,0.4805500446886995
6048-UWKAL,No,0.1806456113910306
5067-DGXLL,No,0.27270988595331175
5469-CTCWN,No,0.26843726663148887
9851-QXEEQ,Yes,0.8118534671620242
6281-FKEWS,No,0.36866673991503246
8898-KASCD,No,0.11762191075243693
9242-TKFSV,No,0.0019650533049651465
9290-SHCMB,Yes,0.8347845778986723
0743-HNPFG,No,0.09866939740101557
2277-BKJKN,No,0.23821713741710923
9809-IMGCQ,Yes,0.8558497387800621
5208-HFSBT,Yes,0.7473085776637196
5035-PGZXH,Yes,0.5229042275013682
8695-WDYEA,Yes,0.5965198795337154
6543-JXSOO,No,0.06097882064278873
8016-ZMGMO,No,0.08669331676352059
8605-ITULD,Yes,0.5414974570376971
3254-YRILK,Yes,0.8357835221997097
6416-YJTTB,No,0.48561508159848027
2667-WYLWJ,No,0.2707392542948727
4472-VESGY,No,0.3423992158038417
3195-TQDZX,No,0.2498510762356251
3128-YOVTD,No,0.35724065186840076
0529-ONKER,Yes,0.7621940775065947
1728-CXQBE,Yes,0.5297830507883772
7041-TXQJH,No,0.42986859597504395
5014-GSOUQ,No,0.022102228089089154
5724-BIDBU,No,0.24711958037293358
0481-SUMCB,No,0.42436921654448434
1769-GRUIK,Yes,0.6043094406581265
5240-IJOQT,Yes,0.9382716327456618
8819-WFGGJ,No,0.09247055090160647
7427-AUFPY,No,0.04415945806123611
2811-POVEX,Yes,0.5190833725277032
1092-GANHU,Yes,0.6225583189951704
7898-PDWQE,No,0.0162662016090109
9972-EWRJS,No,0.01141594901233276
9314-IJWSQ,Yes,0.7474884535626397
0661-XEYAN,Yes,0.838622355119084
5799-JRCZO,No,0.044132947680264864
1921-KYSAY,No,0.15340184225388373
6198-RTPMF,Yes,0.7201200959218031
2924-KHUVI,No,0.34335397343418583
1925-GMVBW,No,0.28578782468602737
7881-EVUAD,Yes,0.7372541880444087
6184-DYUOB,No,0.3150128078799644
9207-ZPANB,No,0.1206356373615428
5766-XQXMQ,No,0.43113876459614164
9327-QSDED,Yes,0.5287159468287753
1656-DRSMG,Yes,0.5352951281056527
3012-VFFMN,No,0.2638052682429863
2984-AFWNC,Yes,0.8419067763007553
0640-YJTPY,No,0.008126441019458034
8096-LOIST,Yes,0.5078032337895061
9764-REAFF,No,0.049952865388067466
3703-VAVCL,Yes,0.8118855810005383
7107-UBYKY,No,0.17117581117715683
4881-GQJTW,No,0.2302719541899586
8519-QJGJD,Yes,0.7270497106300207
7876-DNYAP,No,0.0013244710290584733
7905-NJMXS,No,0.33939499628562675
2882-WDTBA,No,0.02365947439439569
2091-GPPIQ,No,0.061227721456993955
6326-MTTXK,Yes,0.8376316664883072
5071-FBJFS,No,0.4812948288828443
2796-UUZZO,No,0.30881728489300775
2429-AYKKO,No,0.03441439397451835
9798-OPFEM,No,0.009970740472046378
0330-IVZHA,Yes,0.7639409349755127
3794-NFNCH,No,0.2244825639193266
5193-QLVZB,No,0.30984881242394446
7114-AEOZE,No,0.034641000290737696
2886-KEFUM,Yes,0.5336076776895534
5522-NYKPB,Yes,0.5068910693057367
4237-RLAQD,Yes,0.7770087975696444
9957-YODKZ,Yes,0.8517449727830789
6518-KZXCB,No,0.08380911976505472
2245-ADZFJ,No,0.058831892267315215
7776-QGYJC,No,0.4011394748461082
9313-QOLTZ,No,0.13045481972029563
9651-GTSAQ,Yes,0.513896327140851
3186-BAXNB,Yes,0.8386835024448385
4672-FOTSD,No,0.32339811964710397
0637-YLETY,Yes,0.8036347610234537
9818-XQCUV,No,0.27476991949674245
7338-ERIVA,No,0.0641537257351093
1157-BQCUW,Yes,0.9367813032016031
8259-NFJTV,No,0.4224455345109961
3223-DWFIO,Yes,0.7759641295540355
2660-EMUBI,Yes,0.9328758860022592
6968-GMKPR,Yes,0.6109630812810758
4751-ERMAN,No,0.10095306111272223
1436-ZMJAN,No,0.4242950643404421
3292-PBZEJ,Yes,0.7400574183991724
0799-DDIHE,No,0.436848106653228
3070-FNFZQ,No,0.01898910741819711
2812-SFXMJ,Yes,0.559229742138537
7675-OZCZG,Yes,0.7596742309621529
5014-WUQMG,No,0.2174099554638756
5312-TSZVC,No,0.08316572195505824
2003-CKLOR,Yes,0.6054244392409988
0993-OSGPT,No,0.07219481470049272
9254-RBFON,No,0.3629967782927508
1205-WNWPJ,Yes,0.5634520175472919
9391-EOYLI,Yes,0.8237422998465634
7108-DGVUU,No,0.17636603250534863
2782-JEEBU,No,0.35040112329559847
5127-BZENZ,No,0.04594726845037849
2720-FVBQP,Yes,0.5223834952631483
9906-NHHVC,No,0.16589549749291901
4522-XRWWI,No,0.24362010794102343
3766-EJLFL,No,0.1997888154776778
5939-SXWHM,No,0.029366934280545973
8152-UOBNY,Yes,0.5202963034209085
7351-KYHQH,No,0.36337050813320404
7643-RCHXS,No,0.025233507694376205
8246-SHFGA,No,0.22137544240265647
8387-MOJJT,Yes,0.6526610381041033
0620-XEFWH,No,0.26677444352932317
6485-QXWWE,No,0.02562849482862077
2761-OCIAX,Yes,0.8168065311140688
7321-VGNKU,Yes,0.7810076619914639
5327-CNLUQ,No,0.17699567447187267
7552-KEYGT,No,0.0366215526588119
5816-JMLGY,No,0.023602529617800714
3068-OMWZA,Yes,0.9477022142425419
2927-QRRQV,No,0.33004005931441543
6032-KRXXO,Yes,0.7253170247890406
7459-RRWQZ,Yes,0.505783501877234
6265-SXWBU,No,0.18727873910241544
7941-RCJOW,No,0.050914728635305134
6374-NTQLP,No,0.1054091861487521
4154-AQUGT,Yes,0.6499801759508812
2387-KDZQY,No,0.027231033082874476
3584-WKTTW,No,0.48388064981188944
3399-BMLVW,No,0.025436934862659598
1971-DTCZB,No,0.016877456253252817
3092-IGHWF,Yes,0.5034761358536024
3374-PZLXD,No,0.1601034913640646
3813-DHBBB,No,0.02675488091098403
2812-REYAT,No,0.03909805038786974
6518-PPLMZ,No,0.02737661666333086
4939-KYYPY,No,0.2072671511938919
8017-LXHFA,Yes,0.761935611774069
5930-GBIWP,No,0.046002193423540595
6022-KOUQO,Yes,0.5550914783122165
6352-TWCAU,Yes,0.7845815788914563
2361-UPSND,No,0.14157379707031137
6035-RIIOM,No,0.3246586923059315
2929-QNSRW,Yes,0.5315647698720131
1262-OPMFY,Yes,0.8189491932382262
9504-DSHWM,No,0.2258163882049892
5035-BVCXS,Yes,0.6657326907058735
6267-DCFFZ,Yes,0.6916374726871851
3533-UVMOM,No,0.030103007573615385
2439-LYPMQ,Yes,0.7848205514180756
4248-QPAVC,Yes,0.6006591592728154
1899-VXWXM,Yes,0.6002727615793965
1478-VPOAD,Yes,0.6861880685633103
9995-HOTOH,No,0.18628533080232687
2988-PLAHS,No,0.47016747605767306
1371-OJCEK,No,0.1048935686496952
4999-IEZLT,No,0.16913540161126417
8883-ANODQ,No,0.10308772777260103
4690-LLKUA,Yes,0.5721623550288586
2351-RRBUE,No,0.12989478485141154
5980-BDHPY,No,0.008940522493140705
1498-DQNRX,No,0.20273067885742585
9469-WEJBT,No,0.42756645549951233
3331-HQDTW,Yes,0.500953348096086
9490-DFPMD,Yes,0.7621054697137121
2581-VKIRT,No,0.05142685173454075
5442-XSDCW,Yes,0.8082561829736196
7426-WEIJX,No,0.3708710188869908
2851-MMUTZ,No,0.21301806668033785
3049-NDXFL,Yes,0.9393624065306071
8580-AECUZ,Yes,0.9461331913187299
3307-TLCUD,No,0.34471804019152147
6625-FLENO,No,0.035256568302009454
2967-MXRAV,No,0.15570951279151063
7963-GQRMY,Yes,0.6897042589695824
8189-HBVRW,No,0.41121248275643935
4163-KIUHY,No,0.15850178597172448
1228-FZFRV,Yes,0.6349564003519977
3500-NSDOA,No,0.04254827525064681
1171-TYKUR,No,0.17506177316856442
3761-FLYZI,Yes,0.5945835235288945
2058-DCJBE,Yes,0.7949414908992591
5364-XYIRR,Yes,0.7939590721297547
4829-AUOAX,Yes,0.5910007578923321
1219-NNDDO,Yes,0.8039394554441207
8388-DMKAE,No,0.03893578420047047
4403-BWPAY,No,0.11734854525223624
9659-QEQSY,No,0.4971385408673736
5405-ZMYXQ,Yes,0.7830349747053762
5047-LHVLY,Yes,0.798383518969231
1442-OKRJE,No,0.21204953759226297
4737-AQCPU,No,0.0562963131378169
9158-VCTQB,Yes,0.6248137679927878
2808-CHTDM,No,0.07292154951081901
6311-UEUME,Yes,0.7442558923571547
0793-TWELN,Yes,0.5466688036676642
3283-WCWXT,No,0.04467523285495372
1060-ENTOF,No,0.2765095015384024
0999-QXNSA,Yes,0.5043341103453889
5451-MHQOF,No,0.04285759892643652
4836-WNFNO,No,0.013255099480412562
9225-BZLNZ,No,0.1108467351512662
0354-VXMJC,No,0.007083046094987516
4422-QVIJA,No,0.21773914780818965
9365-SRSZE,Yes,0.6762168890079993
6839-ITVZJ,No,0.4833927494196674
8332-OSJDW,No,0.06434201035957521
4735-BJKOU,No,0.004144216377483317
0274-JKUJR,No,0.37289448593558777
5740-YHGTW,No,0.38798159607169413
8917-SZTTJ,No,0.012567674331674713
1696-MZVAU,No,0.2727143473004287
7359-WWYJV,No,0.07233842912445586
0375-HVGXO,Yes,0.8927658038863522
4906-ZHGPK,No,0.15296062151817177
8593-WHYHV,Yes,0.9211654778874836
3795-GWTRD,No,0.05396450961869449
1298-PHBTI,No,0.12032567084842676
6223-DHJGV,No,0.0031848752760937674
6961-MJKBO,No,0.027254688283125637
6097-EQISJ,No,0.39587741476316474
4423-YLHDV,Yes,0.8113100819940268
8158-WPEZG,No,0.42105856387427043
0107-YHINA,Yes,0.912479918994812
4918-FYJNT,No,0.4742492954625547
0727-BNRLG,No,0.17279683762332743
4854-CIDCF,Yes,0.8164207231953715
8640-SDGKB,Yes,0.6181060861656414
3280-MRDOF,No,0.17113788912166494
6435-SRWBJ,Yes,0.8266786790367352
9964-WBQDJ,No,0.021976786489810628
6303-KFWSL,No,0.1598714321959555
1702-CCFNJ,No,0.13819306006241258
8932-CZHRQ,No,0.2674301026620933
0386-CWRGM,No,0.005896690021004355
5515-RUGKN,No,0.4907842561875425
0404-AHASP,No,0.010382427612543618
7279-NMVJC,No,0.11510936493602146
2081-VEYEH,Yes,0.7656220092194521
6407-UTSLV,Yes,0.8117613717088278
4116-TZAQJ,Yes,0.6300810927614753
9060-HJJRW,No,0.3063927188443529
2587-YNLES,No,0.036718641554079404
7398-SKNQZ,Yes,0.9099330866466441
5935-FCCNB,Yes,0.827391374663339
1958-RNRKS,No,0.2930333927564181
5136-RGMZO,No,0.25868966097478885
8345-MVDYC,No,0.03572539363600103
8226-BXGES,No,0.1633954110908099
3877-JRJIP,Yes,0.6818128595483081
8375-DKEBR,Yes,0.9317562282777033
9705-IOVQQ,No,0.3200432113402299
1015-OWJKI,No,0.3463655363952903
7511-YMXVQ,Yes,0.8026329144799521
2040-XBAVJ,No,0.06856328032351489
7551-JOHTI,Yes,0.5459760843448581
8887-IPQNC,Yes,0.5415548558582249
8646-JCOMS,No,0.12153881059172136
9804-ICWBG,Yes,0.936282676680293
1222-KJNZD,No,0.1402690456032176
0106-GHRQR,No,0.44113174815101397
5318-IXUZF,Yes,0.8578279134041478
3768-VHXQO,No,0.041715933378364496
8952-WCVCD,No,0.36851417366396905
2418-TPEUN,No,0.014902762699249544
3963-RYFNS,No,0.08098197773897374
3198-VELRD,Yes,0.9252096101596321
8540-ZQGEA,No,0.014307574932598219
1320-REHCS,Yes,0.6066161829407498
4137-JOPHL,No,0.150044173131695
9436-ZBZCT,Yes,0.8318002263654082
7801-CEDNV,No,0.12122976747376922
2057-BOYKM,No,0.05867286765687212
3658-QQJYD,No,0.16040675314653807
1803-BGNBD,No,0.386843411984521
0134-XWXCE,No,0.15493002251015872
6950-TWMYB,No,0.11564481724303441
5848-FHRFC,No,0.01945730359396254
2243-FNMMI,No,0.1540264491537135
2511-MORQY,No,0.08787780208759972
5356-KZCKT,No,0.06502035642452703
9470-XCCEM,Yes,0.5117016277681804
6519-CFDBX,Yes,0.7500444441565881
3902-MIVLE,No,0.036814517576094836
0409-WTMPL,No,0.4055933277256975
8763-KIAFH,No,0.05632711075977087
3669-WHAFY,No,0.04837365993072792
3055-VTCGS,No,0.10865324444369112
3144-KMTWZ,No,0.4001895633878034
7279-BUYWN,Yes,0.5421230394834586
7156-MHUGY,Yes,0.849286947792591
7198-GLXTC,Yes,0.8898211245063478
2007-QVGAW,No,0.020236810690337295
5207-PLSTK,Yes,0.6500537763587252
2307-FYNNL,No,0.36556094153647967
5605-XNWEN,No,0.02303776469251007
2155-AMQRX,No,0.2469122837652837
6181-AXXYF,No,0.009165108580343613
5091-HFAZW,Yes,0.7948035499717486
0516-VRYBW,No,0.27535445195019337
2519-LBNQL,Yes,0.5188809588179645
8623-ULFNQ,No,0.358208055341577
8380-PEFPE,Yes,0.9131238206550112
5687-DKDTV,No,0.3374024169517363
1568-LJSZU,No,0.0381879257578779
7530-HDYDS,Yes,0.5802992761449561
7789-HKSBS,No,0.4417392659471924
7416-CKTEP,No,0.01764209864199936
2586-CWXVV,No,0.4636862347394629
3096-IZETN,Yes,0.7799364691098193
2348-KCJLT,No,0.09668739017988741
8401-EMUWF,No,0.1533080583798324
4193-IBKSW,No,0.0054513189964536125
5377-NDTOU,No,0.02913577378227791
5922-ABDVO,Yes,0.6723753496921594
2474-LCNUE,No,0.2490274273331392
0839-QNXME,No,0.025824321992996176
3506-OVLKD,No,0.20405518081912496
9172-ANCRX,Yes,0.9085594397782419
6650-VJONK,Yes,0.6333166856314715
2178-PMGCJ,Yes,0.5020679570968638
7492-TAFJD,No,0.09599531599800125
2773-MADBQ,No,0.0409758707210269
6016-LVTJQ,No,0.1786908131941932
7860-KSUGX,No,0.06475834398644308
8966-KZXXA,No,0.03784782576110308
6910-HADCM,Yes,0.888368516046769
4816-LXZYW,Yes,0.7857402466999223
9606-PBKBQ,Yes,0.798877173918059
5149-QYTTU,No,0.16393977888430958
2070-XYMFH,Yes,0.6128643275901863
2085-BOJKI,No,0.4467538026813609
0817-HSUSE,Yes,0.6156225484630523
5442-PPTJY,No,0.01621425391624488
1927-QEWMY,No,0.0038026104987842614
1663-MHLHE,No,0.3652728421056972
5663-QBGIS,No,0.3068926380373992
4450-MDZFX,No,0.38841876885071897
6701-DHKWQ,No,0.05184538956665838
7554-AKDQF,No,0.4938302648172292
3536-IQCTX,Yes,0.7008149199406488
4911-BANWH,Yes,0.7313730086698047
8496-EJAUI,Yes,0.6713674591184435
0794-YVSGE,No,0.007658296772511944
5423-BHIXO,No,0.30814040989063485
6908-VVYHM,Yes,0.5558788192645522
2959-EEXWB,No,0.2218888038272484
1839-UMACK,No,0.2036016446483376
3030-YDNRM,Yes,0.8232993546093109
7321-KKSDU,No,0.024992788198503424
3402-XRIUO,No,0.24125891830974758
3132-TVFDZ,Yes,0.6187148446332197
8286-AFUYI,Yes,0.6922245937515468
8080-DDEMJ,Yes,0.8499718071340233
8356-WUAOJ,Yes,0.7351801001029731
6365-MTGZX,Yes,0.6743518400260522
1349-WXNGG,Yes,0.5339699107328585
8058-DMYRU,Yes,0.6864882329475076
9350-ZXYJC,No,0.14474604674389344
6990-YNRIO,No,0.3754598427860398
8958-JPTRR,No,0.10023319428943113
6959-GQEGV,No,0.28983681637275754
3173-WSSUE,No,0.002198584115153126
1265-HVPZB,No,0.21037549872084207
4115-UMJFQ,No,0.2417099539793285
7369-TRPFD,No,0.01927948587428695
1098-KFQEC,No,0.010201629717573024
7190-XHTWJ,No,0.015906290868134082
0621-TWIEM,Yes,0.7158637619316892
3537-RYBHH,No,0.3318114759791417
2485-ITVKB,Yes,0.8607530302810387
3669-OYSJI,Yes,0.805073263195895
1612-EOHDH,Yes,0.7889275448948614
6702-OHFWR,Yes,0.8788335589294887
5296-BFCYD,No,0.012148461937168531
4510-PYUSH,Yes,0.5196835480236961
9359-JANWS,No,0.20798671883685327
7517-SAWMO,Yes,0.659595306694168
4143-HHPMK,Yes,0.6793767819216777
3279-DYZQM,No,0.008757851794352853
7054-LGEQW,Yes,0.7947989970008214
0523-VNGTF,No,0.2888327684886871
9575-IWCAZ,No,0.09034070940118583
7105-MXJLL,No,0.1893987940280537
7064-FRRSW,No,0.42185590592230493
7940-UQQUG,No,0.26059170756060634
0923-PNFUB,Yes,0.7776705529068897
3961-SXAXY,Yes,0.6324389464894274
7010-BRBUU,No,0.006679557969121684
3566-HJGPK,Yes,0.7607900729045737
3062-ICYZQ,No,0.38757001152448173
9938-PRCVK,No,0.018678964045247822
0973-KYVNF,No,0.03441549362189597
5129-HHMZC,No,0.049467364704835246
9637-CDTKZ,No,0.052501283328709576
3946-JEWRQ,No,0.36785721427565
7873-CVMAW,No,0.019468636292200577
0463-WZZKO,No,0.23358387945550577
3494-JCHRQ,Yes,0.9232031362584513
6474-FVJLC,Yes,0.9297534784684192
4524-QCSSM,No,0.3852942435522771
5832-EXGTT,No,0.17145408320957717
8840-DQLGN,No,0.4426955654782699
2039-JONDJ,No,0.06627039116359694
7217-JYHOQ,No,0.14537881062528682
6695-FRVEC,No,0.03151756272728346
4547-LYTDD,Yes,0.639313730637613
9894-QMIMJ,No,0.13653392509396942
8069-YQQAJ,No,0.4706303946699966
6770-XUAGN,Yes,0.5616983819025259
4193-ORFCL,Yes,0.8112258418172789
1636-NTNCO,Yes,0.6833798343050559
3466-WAESX,No,0.35385958737133066
9281-PKKZE,Yes,0.524614425257661
3638-VBZTA,No,0.05134408620006657
7459-IMVYU,No,0.18817107947011685
7776-QWNFX,No,0.4207530652822447
6689-TCZHQ,Yes,0.8768369748607514
8563-OYMQY,Yes,0.5965389967494394
0754-EEBDC,No,0.037847406556580934
5777-ZPQNC,No,0.05259679533733378
1951-IEYXM,No,0.03736046599819044
3318-NMQXL,Yes,0.8898983661459996
3143-ILDAL,Yes,0.6206223735944846
1022-RKXDR,No,0.04164890204883834
2361-FJWNO,No,0.21015996015537017
2272-UOINI,No,0.45857447529017353
8232-UTFOZ,No,0.01896082181141724
3750-YHRYO,No,0.04343456208430875
6637-KYRCV,No,0.4768800502275713
5668-MEISB,No,0.05513684992027138
0129-QMPDR,No,0.014465415030175064
7188-CBBBA,No,0.33658481852493977
5356-CSVSQ,Yes,0.7089824448392059
3221-CJMSG,No,0.24215262464278742
4720-VSTSI,Yes,0.6690945722598983
3219-JQRSL,No,0.07124257925118556
2801-NISEI,No,0.277641747516586
3946-MHCZW,Yes,0.7988271506216275
4623-ZKHLY,No,0.1684170332482145
6732-VAILE,No,0.029778738954450348
8201-AAXCB,No,0.3460883998399772
7696-CFTAT,No,0.025564641882787443
1845-CSBRZ,Yes,0.5397847262452695
2123-VSCOT,No,0.03989999116228509
6651-AZVTJ,Yes,0.751556197714144
4566-GOLUK,Yes,0.7379983410919784
2484-DGXPZ,No,0.4308729356211725
2018-QKYGT,Yes,0.8483950131858825
2792-VPPET,No,0.21609544296661895
7409-JURKQ,No,0.30763305493094917
3247-MHJKM,Yes,0.5624230883563897
1964-SVLEA,No,0.02547499832566981
4587-NUKOX,Yes,0.6930719329896359
7297-DVYGA,No,0.0280714524489571
2239-CGBUZ,No,0.03968898283319851
0854-UYHZD,No,0.021348387551522845
7243-LCGGZ,Yes,0.6486502230143513
8267-KFGYD,No,0.447847237396804
4890-VMUAV,No,0.14675124532689907
9261-WDCAF,Yes,0.710004662086452
3764-MNMOI,No,0.03742944987694706
7442-YGZFK,Yes,0.7583776045084101
0420-BWTPW,Yes,0.6364558292005487
8229-BUJHX,No,0.005610346772433742
7449-HVPIV,No,0.44234837309861064
5504-WSIUR,No,0.13527109790259936
8183-ONMXC,Yes,0.9102550482142301
8466-PZBLH,No,0.27394617035278135
9614-RMGHA,Yes,0.6007758650628229
8735-IJJEG,No,0.32754096671003435
0564-MUUQK,No,0.47198254970584863
5054-IEXZT,Yes,0.9083025054726104
5834-ASPWA,Yes,0.9393952840596087
0701-RFGFI,Yes,0.627434233756343
0019-EFAEP,No,0.0587024434019544
5619-PTMIK,No,0.3272362621960495
3737-XBQDD,Yes,0.5844075552117559
5882-CMAZQ,No,0.41568220106855186
5846-QFDFI,No,0.42351884059526246
4445-KWOKW,No,0.07780516982735201
3511-APPBJ,No,0.3293653328090639
7967-HYCDE,Yes,0.6199252699007418
2430-RRYUW,No,0.07546995847272275
3948-XHGNA,No,0.47036542374563634
3723-BFBGR,No,0.2993935405964027
0565-IYCGT,No,0.3577343190333983
5447-WZAFP,No,0.4250189801645413
5110-CHOPY,No,0.1949254076610267
5445-UTODQ,Yes,0.8746046469043698
4425-OWHWB,No,0.027659763185390547
7892-QVYKW,Yes,0.6432264935436349
9675-ICXCT,No,0.06834200493327929
1024-VRZHF,Yes,0.8412973465846255
4703-MQYKT,No,0.0310236855136972
9497-QCMMS,Yes,0.9660562093845929
5692-ICXLW,Yes,0.7216671768135895
0602-DDUML,No,0.06508954935975078
2208-MPXIO,No,0.00789296128253791
1960-UYCNN,Yes,0.8323056837081663
0348-SDKOL,Yes,0.6083357270158991
3190-FZATL,No,0.15460420972793726
7336-RLLRH,No,0.18092066307971327
4373-MAVJG,Yes,0.7851629952703838
8901-HJXTF,No,0.471700778192166
7710-JSYOA,No,0.137928004659508
5419-KLXBN,Yes,0.5415216776890895
3424-NMNBO,Yes,0.6192611086104692
9885-MFVSU,No,0.04711871421108799
4514-GFCFI,Yes,0.8541595911126167
0607-MVMGC,No,0.1606352135122593
3365-SAIGS,Yes,0.7163831872349481
9828-AOQLM,Yes,0.7786955622798218
8022-BECSI,No,0.008014385469690336
8000-REIQB,Yes,0.9269600133592978
9993-LHIEB,No,0.022117823201162547
0266-CLZKZ,No,0.23501377306977964
7615-ESMYF,Yes,0.8522536420325957
3858-VOBET,Yes,0.7410433118900961
7020-OZKXZ,Yes,0.6570602019849142
3977-QCRSL,No,0.3269845953294797
0017-DINOC,No,0.059729453571328514
1447-PJGGA,No,0.4978789743295158
8565-CLBZW,Yes,0.690641286765106
9139-WQQDY,No,0.3660327287752893
0224-HJAPT,Yes,0.8227296459997504
8086-OVPWV,Yes,0.8862150493302893
9430-FRQOC,Yes,0.8363970304435805
7639-OPLNG,No,0.044186067625983955
3074-GQWYX,Yes,0.8817708876314264
1492-QGCLU,No,0.22286685478864934
6845-RGTYS,Yes,0.587394139042466
7328-OWMOM,No,0.03827827301398303
4418-LZMSV,No,0.18353925817649133
5155-AZQPB,No,0.22020639388725508
8861-HGGKB,Yes,0.8320773630670973
1087-GRUYI,No,0.017653905402589574
7065-YUNRY,Yes,0.774603164508139
7694-VLBWQ,Yes,0.5633832497100866
2546-KZAAT,No,0.13885803308685932
0181-RITDD,No,0.1622299025378975
5989-PGKJB,Yes,0.713949509692683
4795-KTRTH,Yes,0.9005343870693392
8272-ONJLV,Yes,0.5636103321410733
1488-PBLJN,No,0.07696951111645033
0308-GIQJT,No,0.3935020144328249
3778-FOAQW,No,0.02542382447711451
4452-ROHMO,No,0.02657121966830033
6481-OGDOO,No,0.4622242830508556
3090-LETTY,No,0.44249654175360514
5349-AZPEW,Yes,0.5339794249801597
3753-TSEMP,Yes,0.7853351846024282
8305-VHZBZ,Yes,0.7084389086213481
9720-JJJOR,No,0.08118582945435296
8100-HZZLJ,No,0.2654399570688721
8775-ERLNB,Yes,0.8491424095798239
8309-IEYJD,Yes,0.8838961942846155
9172-JITSM,Yes,0.7328095013251542
6298-QDFNH,Yes,0.7814026057816591
7398-HPYZQ,No,0.011591127155066334
3546-GHEAE,No,0.043968018925792766
7361-YPXFS,No,0.1264684081866882
6557-BZXLQ,Yes,0.6687843086320281
2550-QHZGP,No,0.03598143688960293
7519-JTWQH,No,0.24391563238510094
2538-OIMXF,Yes,0.6486224158351621
8543-MSDMF,No,0.49585260621921773
9961-JBNMK,Yes,0.721818196939537
1170-SASML,Yes,0.5189639129171933
4872-JCVCA,No,0.01644639429450969
5346-BZCHP,No,0.004033192710559264
2038-LLMLM,Yes,0.623936654255741
6173-ITPWD,Yes,0.6174615941994156
9734-UYXQI,Yes,0.7674664610074003
1216-BGTSP,No,0.4380238771769186
4138-NAXED,No,0.398680249461998
2189-UXTKY,Yes,0.5374528154966957
0744-BIKKF,No,0.017936705134350774
7483-IQWIB,Yes,0.6068791740613415
5248-KWLAR,No,0.03360184118631072
4958-GZWIY,Yes,0.6574917946104617
7996-MHXLW,No,0.04310967595004787
7833-PKIHD,No,0.09406837550596546
7061-OVMIM,No,0.10270714996329226
5153-RTHKF,Yes,0.6797669811188314
1852-QSWCD,No,0.02641030656636171
4832-VRBMR,No,0.3801749492080059
9079-LWTFD,No,0.32790862050608677
6356-ELRKD,Yes,0.891627161497665
8624-GIOUT,No,0.4539372888313106
3392-EHMNK,No,0.10843132287306945
5986-WWXDV,No,0.08553086432598508
3061-BCKYI,No,0.2414760248943168
6179-GJPSO,Yes,0.6199087607980628
7901-TBKJX,Yes,0.715541086126957
7228-PAQPD,No,0.2545853149704494
3177-LASXD,Yes,0.8977577210816301
7746-QYVCO,No,0.14807318560545393
5804-HYIEZ,No,0.4073829889495142
9919-FZDED,No,0.06331726525942834
5934-TSSAU,Yes,0.50038055180257
3486-KHMLI,No,0.11839030680082822
4897-QSUYC,Yes,0.7604482888275155
1084-UQCHV,Yes,0.8933048962307999
8290-YWKHZ,Yes,0.7981922136105436
2955-BJZHG,Yes,0.6843111426138859
3806-DXQOM,Yes,0.7564777711593555
6784-XYJAE,No,0.14463027930417735
3933-DQPWX,No,0.1522436460337665
6661-EIPZC,No,0.2755849845434505
8957-THMOA,No,0.03686942034233506
2251-PYLPB,No,0.018953873168862916
5555-RNPGT,No,0.24273593522946743
1057-FOGLZ,No,0.17679810919038957
9300-RENDD,Yes,0.9428396864191578
0761-AETCS,Yes,0.5334970816386094
8087-LGYHQ,Yes,0.8348923274960474
4137-BTIKL,Yes,0.5708832228454235
2190-BCXEC,No,0.4898150960793574
6227-FBDXH,No,0.25169320265387723
2153-MREFK,Yes,0.5411392386619218
2911-WDXMV,Yes,0.569283195426794
7206-PQBBZ,Yes,0.772999180215318
3106-ULWFW,Yes,0.8821307945246862
0925-VYDLG,Yes,0.853115004297636
4547-FZJWE,No,0.1768626561215787
7422-WNBTY,Yes,0.6678927530170838
0842-IWYCP,No,0.2441571156081382
3521-HTQTV,No,0.08455148095945687
3744-ZBHON,No,0.36433420869400707
3373-DIUUN,No,0.006163567280490378
8383-SGHJU,No,0.13377626404267992
7607-QKKTJ,No,0.24029893978133027
7707-PYBBH,No,0.1598044527837412
8984-HPEMB,No,0.13348630787255147
4349-GFQHK,Yes,0.8071515170605377
4139-DETXS,No,0.013803108264061625
9779-DPNEJ,Yes,0.6521098502203027
9805-FILKB,No,0.015281741560787309
5793-YOLJN,No,0.004590531285789347
0673-IGUQO,No,0.4539427073113478
4123-FCVCB,No,0.45550088604591704
8819-IMISP,Yes,0.7326928776629179
7802-EFKNY,Yes,0.7801243952787694
8311-UEUAB,No,0.1805587954873288
5858-EAFCZ,Yes,0.743356303402959
8035-BUYVG,No,0.4255209493315628
1163-ONYEY,No,0.24143697068818232
9787-XVQIU,Yes,0.9381431261659092
8945-MUQUF,No,0.41488370232084093
5656-MJEFC,No,0.03942848691753207
6082-OQFBA,No,0.015346960193849811
8051-HJRLT,Yes,0.913583039520111
8974-OVACP,Yes,0.5656926884771238
4010-YLMVT,No,0.42987176540703764
1379-FRVEB,Yes,0.717593295334912
8612-GXIDD,No,0.09713292186189836
6288-CHQJB,No,0.023749042086536668
8160-HOWOX,Yes,0.5664849006417554
3023-GFLBR,Yes,0.6901749319190403
6648-INWPS,No,0.18586393533146767
4223-BKEOR,No,0.16613581894304594
4079-VTGLK,No,0.19874991808757525
1763-WQFUK,Yes,0.5909495591826188
1391-UBDAR,Yes,0.6457818729918953
8894-JVDCV,No,0.33017656877203666
2023-VQFDL,No,0.23504005103626788
1345-GKDZZ,No,0.18989107285082654
2014-MKGMH,Yes,0.5318043843267962
5628-FCGYG,Yes,0.777722409089805
2560-WBWXF,No,0.014886576671305071
0248-IPDFW,Yes,0.766644091515274
7978-DKUQH,Yes,0.6036923508232883
4335-UPJSI,No,0.03437662773039261
0524-IAVZO,Yes,0.7652608867333497
2737-YNGYW,Yes,0.8972087546877143
1784-EZDKJ,No,0.4794928650881156
9297-FVVDH,No,0.08403177159175046
8007-YYPWD,No,0.11935113010185436
7101-HRBLJ,No,0.004753696463023471
5159-YFPKQ,Yes,0.8793732226926564
6635-CPNUN,Yes,0.5354757086375728
4021-RQSNY,Yes,0.8383319250712037
5453-YBTWV,No,0.07746395051843363
5039-LZRQT,No,0.03335648842995022
2931-VUVJN,No,0.2155264705330916
9061-TIHDA,Yes,0.9082370185338247
8699-ASUFO,Yes,0.8522635264982396
6418-PIQSP,No,0.025823478046824264
8220-OCUFY,No,0.14699523422537694
3995-WFCSM,Yes,0.6685058645327595
1895-QTKDO,Yes,0.6826605270725496
2038-OEQZH,Yes,0.8020327457059726
1178-PZGAB,No,0.037196360284030595
7927-AUXBZ,Yes,0.668153080114162
2626-VEEWG,No,0.009580088615201139
2878-RMWXY,No,0.07594275825905533
1657-DYMBM,No,0.01908513290007015
7311-MQJCH,No,0.11443257303586325
7375-WMVMT,No,0.12568484267304858
1136-XGEQU,No,0.11602802627622363
2530-FMFXO,No,0.2770736384771508
6844-DZKRF,Yes,0.6104657508053749
4695-WJZUE,Yes,0.9455160768622493
7619-ODSGN,No,0.49030076335240985
5970-GHJAW,No,0.004978162666195733
8879-XUAHX,No,0.09396874025462765
3689-MOZGR,No,0.47554805908255454
4195-PNGZS,No,0.00657005433177881
5003-XZWWO,No,0.016208137519049585
3988-RQIXO,Yes,0.9458476543557456
7622-FWGEW,No,0.048451242470284
6922-NCEDI,No,0.04644926766145189
2514-GINMM,Yes,0.9453501755021758
9891-NQDBD,No,0.07641338081675225
6131-IUNXN,No,0.17489155587141622
8548-AWOFC,No,0.2156280119655988
9798-DRYDS,No,0.2369194037759724
8532-UEFWH,No,0.01694970444858383
6296-DDOOR,No,0.18432680084886832
7951-VRDVK,No,0.37341788790852487
5931-FLJJF,Yes,0.755772763955672
4815-YOSUK,No,0.21748930438770891
2659-VXMWZ,No,0.24602423467608114
0380-NEAVX,No,0.4479131391386064
3207-OYBWH,No,0.4734459861622783
4285-GYRQC,Yes,0.8961816298866451
7216-EWTRS,Yes,0.9549203813464495
4365-MSDYN,No,0.31451613694314023
7036-TYDEC,No,0.2470138292868439
5802-ADBRC,No,0.4516521416042589
8076-FEZKJ,No,0.02528731077022025
5197-YPYBZ,No,0.06087054906892426
8337-MSSXB,Yes,0.7839942667332462
4312-GVYNH,No,0.056350327210164454
8495-LJDFO,No,0.4207274544559526
0839-JTCUD,No,0.056418085740578036
5494-WOZRZ,No,0.02036532606325211
1302-UHBDD,Yes,0.6169451266700863
2234-EOFPT,No,0.012199121129356264
8619-IJNDK,No,0.052650926371566334
8378-LKJAF,Yes,0.67364496465432
8182-BJDSI,Yes,0.8051079882130351
2528-HFYZX,Yes,0.7883762271827396
1153-GNOLC,No,0.3530805709172034
3298-QEICA,No,0.06747139668475749
0788-DXBFY,No,0.06061276664718408
3597-YASZG,No,0.24388566344481438
3496-LFSZU,Yes,0.7840069425643789
5242-UOWHD,No,0.005159371251661547
2482-CZGBB,Yes,0.7341892584972992
6479-SZPLM,No,0.010434614949075221
8097-VBQTZ,No,0.1379979359675796
4500-HKANN,No,0.09074074547006876
9917-KWRBE,No,0.09362180993745585
3420-ZDBMA,Yes,0.7299849783647165
2212-LYASK,No,0.25576297615594185
1393-IMKZG,Yes,0.8293509029766348
8069-RHUXK,No,0.08056945367087173
3398-GCPMU,No,0.12518476276996016
2908-WGAXL,No,0.05284797567500316
3378-AJRAO,No,0.055081061676773284
1013-QCWAM,Yes,0.6696239830381566
0866-QLSIR,No,0.08825632534550902
6050-FFXES,No,0.1900120807245399
7181-BQYBV,Yes,0.8296666092850943
0362-RAOQO,No,0.01576526483768633
9554-DFKIC,No,0.1831307161087698
5527-ACHSO,No,0.46466213577034177
0829-DDVLK,No,0.05018062455844927
1399-UBQIU,Yes,0.5526586539297379
1813-JLKWR,No,0.10051207903247632
0336-PIKEI,No,0.06832146520125784
7322-OCWHC,No,0.05926124578743522
9537-VHDTA,Yes,0.5299071378646145
4957-TIALW,No,0.14325485370324748
2054-PJOCK,No,0.14561670125156337
9150-HEPMB,No,0.08252394373558822
9030-QGZNL,No,0.03154428820746218
6204-IEUXJ,Yes,0.780898138315626
3126-WQMGH,No,0.3080106302225523
4529-CKBCL,Yes,0.9095476987944189
2506-CLAKW,Yes,0.780200017458837
7176-WRTNX,No,0.275003542937684
1583-IHQZE,Yes,0.8055110970256626
5732-IKGQH,No,0.4537137456921203
9239-GZHZE,No,0.023441980000982608
7205-BAIAD,No,0.005913557711763504
0151-ONTOV,Yes,0.9208866393633021
4140-MUHUG,Yes,0.9178409666287884
0093-EXYQL,Yes,0.6534176630182299
8064-RAVOH,Yes,0.7876827405969407
0219-QAERP,No,0.014062964460788344
0320-JDNQG,Yes,0.6479585704714524
7180-PISOG,Yes,0.9135945683404549
9168-INPSZ,Yes,0.6032471535584393
3571-RFHAR,Yes,0.6289054096598357
0015-UOCOJ,Yes,0.6471432255693047
5334-AFQJB,No,0.042381181783930355
2754-SDJRD,Yes,0.7716551659675339
9578-VRMNM,Yes,0.5971219130893054
1587-FKLZB,Yes,0.5687487476341329
6140-QNRQQ,Yes,0.8767913384222363
8963-JLGJT,No,0.4715479857955851
4307-KTUMW,Yes,0.5754275892775791
1465-LNTLJ,No,0.3716404740203986
5440-FLBQG,No,0.47253537589782546
2135-DQWAQ,Yes,0.7997191896097648
4056-QHXHZ,No,0.09410925807339704
7470-MCQTK,Yes,0.6037238350797153
7488-MXJIV,Yes,0.9099945266849471
7401-JIXNM,No,0.05649697639040843
9339-FIIJL,No,0.015392478836400379
2027-FECZV,Yes,0.8374962047164981
2672-DZUOY,Yes,0.8855998488287363
4706-DGAHW,Yes,0.8469406785880205
3870-MQAMG,Yes,0.6097355712959911
6670-MFRPK,No,0.08795976860748626
6177-PEVRA,No,0.09144021630710422
4800-CZMPC,No,0.31179808257229363
4813-HQMGZ,Yes,0.8168847032746905
7579-KKLOE,No,0.025156203841726732
7377-DMMRI,Yes,0.7995444813765039
8402-EIVQS,No,0.370236834354645
4947-DSMXK,Yes,0.5675996128943386
7245-NIIWQ,Yes,0.7735350456829928
0002-ORFBO,No,0.2097482651169002
3324-OIRTO,No,0.1897199486177808
5414-OFQCB,No,0.12379920983191212
4967-WPNCF,No,0.014328903637894514
8552-OBVRU,No,0.45971539585169635
8499-BRXTD,No,0.013882781936211456
9154-QDGTH,No,0.4607678966092801
8197-BFWVU,No,0.0868605522893257
2577-GVSIL,No,0.2663161117532219
9367-OIUXP,No,0.2586495227130017
6770-UAYGJ,No,0.01641682933564153
6463-HHXJR,No,0.09698076116966124
7928-VJYAB,Yes,0.6989998311513369
1187-WILMM,No,0.027354561237892733
9776-OJUZI,No,0.4743549174537504
1306-RPWXZ,No,0.031818762858497864
8949-JTMAY,Yes,0.783945380766776
2774-LVQUS,Yes,0.8082705438979098
3097-PYWXL,No,0.3491305984875995
2266-SJNAT,No,0.3760524228504615
0869-PAPRP,No,0.4842215046746168
4238-JSSWH,Yes,0.5623649742008615
2972-YDYUW,No,0.27044675326730844
1104-FEJAM,No,0.2148361316488349
2809-ILCYT,No,0.0845569680906981
5499-ECUTN,No,0.07049918793948359
4981-FLTMF,No,0.13033571341503683
9121-PHQSR,Yes,0.7697420522937012
3113-IWHLC,No,0.4104320051543988
3211-ILJTT,Yes,0.6112259662343063
4612-THJBS,Yes,0.545202379223161
4277-BWBML,No,0.016728591557092446
4094-NSEDU,Yes,0.8396273768605582
0234-TEVTT,No,0.13483188150853184
4304-TSPVK,No,0.15436346399087258
1552-AAGRX,Yes,0.5144318617172255
2637-FKFSY,Yes,0.6919207776884891
9796-MVYXX,No,0.10589354867494992
7874-ECPQJ,No,0.25372555049338297
0020-INWCK,No,0.1684687968011543
7089-RKVSZ,No,0.05053543242358339
2683-JXWQQ,No,0.2660211044271991
9548-ZMVTX,No,0.11599468063775827
8739-XNIKG,Yes,0.8681784622959662
9755-JHNMN,No,0.04127987284819424
3981-QSVQI,No,0.24708941098947299
2789-HQBOU,Yes,0.8529016168755532
9424-CMPOG,No,0.02182491085343365
5067-WJEUN,No,0.028908173073839347
3450-WXOAT,No,0.33602540921121327
9251-WNSOD,No,0.13856205817593073
6974-DAFLI,No,0.07845439340454337
2616-UUTFK,No,0.19324621802976222
7064-JHXCE,No,0.0031244669881747684
5103-MHMHY,Yes,0.7429542556587148
7989-AWGEH,No,0.2614720075458266
4373-VVHQL,Yes,0.7679148759306609
4559-UWIHT,Yes,0.7529306151375661
7268-IGMFD,No,0.43939291585237583
1846-XWOQN,Yes,0.9109434263026834
0235-KGSLC,Yes,0.8871175030742622
6650-BWFRT,No,0.047290678289230906
9570-KYEUA,No,0.2221897822973654
6993-YGFJV,No,0.15873737988115535
2712-SYWAY,No,0.4097748353796311
0730-BGQGF,No,0.029382822074370693
5498-IBWPI,No,0.08004149888452705
9101-NTIXF,No,0.2651653731117693
0013-SMEOE,No,0.09225045384638142
9314-QDMDW,No,0.2934469773904586
9308-ANMVE,No,0.23792309119094954
2884-GBPFB,Yes,0.7008859207063166
3757-NJYBX,Yes,0.6883791211379504
3413-DHLPB,No,0.47326467630146984
7649-PHJVR,No,0.02528731077022025
6114-TCFID,No,0.09078321425776696
3787-TRIAL,No,0.45973855866752783
2573-GYRUU,Yes,0.651182734178333
5156-UMKOW,No,0.4832548349080122
1247-QBVSH,No,0.23915043851651238
6734-GMPVK,Yes,0.7934894766029067
9822-OAOVB,Yes,0.786742814927561
6161-ERDGD,No,0.21567493489147962
1226-JZNKR,No,0.18597294868180433
7318-EIVKO,Yes,0.5061837434650381
3771-PZOBW,Yes,0.6698058094847784
5136-KCKGI,Yes,0.5467750731558655
8231-BSWXX,No,0.13223631543532421
6486-LHTMA,No,0.4047506536988824
4083-BFNYK,No,0.25359839392085454
3722-WPXTK,Yes,0.9166332495955631
7389-KBFIT,Yes,0.5745402066718661
7176-WIONM,Yes,0.571429955472384
5141-ZUVBH,Yes,0.5874070286131915
1089-HDMKP,No,0.2874682201054413
7623-HKYRK,No,0.1808744202475478
0310-SUCIN,No,0.1356748401681545
5197-PYEPU,No,0.16433538418144486
2929-ERCFZ,Yes,0.8157827649946928
7548-SEPYI,Yes,0.9038119364643379
8835-VSDSE,Yes,0.7904181663533444
6619-RPLQZ,No,0.007275715512759289
3275-RHRNE,No,0.19486842475642954
3503-TYDAY,No,0.47837272417029153
6901-GOGZG,No,0.10423229716457777
1623-NLDOT,No,0.413888090822993
7021-XSNYE,No,0.08953251323839559
9621-OUPYD,No,0.04446037055388635
9898-KZQDZ,Yes,0.7467541958824138
8982-NHAVY,No,0.42420810831875716
4307-KWMXE,No,0.26535398322818704
0141-YEAYS,Yes,0.6479333277029123
2450-ZKEED,No,0.16531810528987467
3694-DELSO,Yes,0.5218687902652805
3893-JRNFS,No,0.3616687967419792
9603-OAIHC,Yes,0.9105169678632876
1133-KXCGE,No,0.02507503679658342
5236-PERKL,No,0.33696831287104617
0142-GVYSN,No,0.13171250914976984
1049-FYSYG,No,0.4510150162325681
7854-FOKSF,Yes,0.8857776400219475
2519-FAKOD,Yes,0.7043416641842716
8406-LNMHF,No,0.16110942493253322
1821-BUCWY,No,0.052534005346930965
8263-JQAIK,Yes,0.8423852732194943
0023-UYUPN,No,0.09554424371736635
8314-DPQHL,No,0.15768677715118623
1465-WCZVT,No,0.33276571939312555
9481-SFCQY,No,0.43403823060235724
6360-SVNWV,Yes,0.5247157272268578
0567-GGCAC,No,0.3428578128342359
7089-IVVAZ,Yes,0.8543289204874436
8884-MRNSU,No,0.0944346202028929
2171-UDMFD,No,0.22435870379130507
9050-IKDZA,Yes,0.8594098540356107
2205-YMZZJ,Yes,0.9092143610043585
9802-CAQUT,No,0.03933746427523406
1254-IZEYF,Yes,0.8104819484029182
0187-WZNAB,No,0.43558279652345855
9492-TOKRI,Yes,0.7863653070137496
1475-VWVDO,Yes,0.7664687641706098
9221-OTIVJ,Yes,0.8744647548021672
1357-MVDOZ,No,0.37213088442907083
7602-MVRMB,No,0.08911554901342597
3325-FUYCG,No,0.3186472668599887
5908-QMGOE,Yes,0.8027711809404156
1197-BVMVG,Yes,0.8789809288731719
5406-KGRMX,No,0.049554454833539756
8481-YYXWG,Yes,0.8362251992402041
5968-HYJRZ,No,0.028282135469707023
5198-EFNBM,No,0.2785242695316717
7516-GMHUV,No,0.31514752239771443
7140-ADSMJ,No,0.16425038449554427
2230-XTUWL,No,0.007580046593446996
7706-YLMQA,No,0.07405273251184623
2585-KTFRE,No,0.4644984007871149
7994-UYIVZ,Yes,0.8688855047107505
2609-IAICY,Yes,0.9312813303932156
1740-CSDJP,Yes,0.8631674546428966
7717-BICXI,No,0.00453096992996689
6559-RAKOZ,Yes,0.5076309790747372
2636-OHFMN,Yes,0.7868843532705297
4716-MRVEN,No,0.005751126851414277
2143-LJULT,No,0.032880899090988784
1323-OOEPC,Yes,0.6932383315472878
3200-MNQTF,No,0.06655247458429395
6164-HXUGH,No,0.30079453056507305
5630-IXDXV,Yes,0.7262673845657776
0320-DWVTU,No,0.1360647066270288
9135-MGVPY,No,0.00639282659316695
1212-GLHMD,Yes,0.656068537343405
7878-JGDKK,Yes,0.6754855779212099
1088-AUUZZ,No,0.018266508964101976
0397-GZBBC,Yes,0.7162214532113552
6614-YWYSC,No,0.01906470112030013
9588-OZDMQ,Yes,0.6918041616665861
7641-EUYET,Yes,0.6740057395316436
6476-EPYZR,No,0.16520320618346362
9921-ZVRHG,Yes,0.8264316976469354
1174-FGIFN,No,0.3739927339613478
6620-HVDUJ,No,0.16408669470971388
4701-MLJPN,No,0.4362861582346426
1032-MAELW,No,0.13324649441660322
7641-TQFHN,No,0.18830766799705262
1552-TKMXS,No,0.1600550351418343
9206-GVPEQ,Yes,0.706284889375684
8622-ZLFKO,Yes,0.9123738903474894
1596-BBVTG,Yes,0.6654360720495466
6188-UXBBR,No,0.02410231820903099
2333-KWEWW,No,0.02702676660147462
5702-SKUOB,No,0.3827867397427145
1134-YWTYF,No,0.26319027366970554
6061-GWWAV,No,0.15558402520423917
0679-TDGAK,No,0.19542050087144097
6585-WCEWR,No,0.014008682088410385
9067-YGSCA,No,0.08244665891176804
9067-SQTNS,No,0.02770542973783288
8433-WXGNA,Yes,0.7107708273761774
1776-SPBWV,No,0.06624387666684464
8735-SDUFN,No,0.009576551674624489
9668-PUGNU,No,0.06213921259309672
9405-GPBBG,No,0.21219628445507438
1926-QUZNN,No,0.011107958551419413
3707-GNWHM,Yes,0.9143724407441173
7016-NVRIC,No,0.20141429559128762
5829-NVSQN,No,0.08688033733459148
9565-AXSMR,No,0.035856123214808806
8922-LIEGH,Yes,0.8298305253997904
8869-LIHMK,No,0.2118390478152397
8245-UMPYT,Yes,0.8597179908884319
5186-SAMNZ,Yes,0.8558993770329876
0447-RXSGD,Yes,0.7737506524472131
4927-WWOOZ,Yes,0.8772043886465862
5788-YPOEG,No,0.058499290160888597
5373-SFODM,Yes,0.6990189925590129
0661-KBKPA,No,0.23519059521329
9081-WWXKP,No,0.004141551785120507
0784-ZQJZX,No,0.036088537293099014
3133-PZNSR,No,0.07433355619803793
5766-ZJYBB,Yes,0.5322963043888206
8931-GJJIQ,Yes,0.8846549800282878
4277-PVRAN,Yes,0.8407876457126164
0022-TCJCI,No,0.4066216797114471
0722-SVSFK,Yes,0.7735097239435441
3612-YVGSJ,No,0.021976786489810628
9825-YCXWZ,No,0.3556515240981
5397-NSKQG,No,0.07725015272988175
8565-HBFNN,No,0.29927713826301555
2000-DHJUY,No,0.053069468533893153
0203-HHYIJ,No,0.2931175918135846
8670-ERCJH,No,0.10510058558848988
7758-UJWYS,No,0.10112318303944953
2050-ONYDQ,No,0.006338800749267098
7055-JCGNI,No,0.1435623562389551
0739-UUAJR,No,0.06441291473172543
4826-DXMUP,No,0.3926205081973726
0952-KMEEH,Yes,0.6581502943784822
7285-KLOTR,No,0.2715464526707502
0654-PQKDW,No,0.038214444521962064
7175-NTIXE,No,0.19207920837654513
7963-SHNDT,No,0.042542794301298786
9796-BPKIW,Yes,0.6516589180574694
0188-GWFLE,No,0.28270670691515554
8129-GMVGI,No,0.011352257807736977
2882-DDZPG,No,0.4021720648913186
3547-LQRIK,No,0.08698599707357856
9137-NOQKA,No,0.35666566541700345
5843-TTHGI,No,0.36703076164146314
1849-RJYIG,Yes,0.5872042084531386
8868-GAGIO,No,0.41507433885454925
4061-UKJWL,Yes,0.7488044401797741
5380-XPJNZ,No,0.00941902675991569
8263-QMNTJ,No,0.06852319193176504
8178-EYZUO,Yes,0.5660446706500873
3230-JCNZS,No,0.045561339162946426
0277-ORXQS,No,0.05882066446292136
5130-IEKQT,Yes,0.7648432892595243
3230-WYKIR,Yes,0.5299632193629025
7996-BPXHY,No,0.09403972959074071
3227-WLKLI,No,0.046135660473315486
0407-BDJKB,Yes,0.7000701523107623
2266-FUBDZ,No,0.014923409588965514
8237-ULIXL,No,0.020757529023658426
9600-UDOPK,Yes,0.7588652610131318
8216-AZUUZ,No,0.27983192190975636
9153-BTBVV,No,0.005510239294986778
4074-SJFFA,Yes,0.8111566226311167
3269-ATYWD,Yes,0.7906361908709454
5186-PEIZU,No,0.23440326932280117
1074-AMIOH,No,0.4837468753770749
4910-GMJOT,Yes,0.9570638254605149
0354-WYROK,Yes,0.6748743908597192
4361-FEBGN,No,0.008088287726914443
7748-UMTRK,Yes,0.6932549570884627
0380-ZCSBI,No,0.2518780183065052
7145-FEJWU,Yes,0.7414642524601515
6463-MVYRY,No,0.09274612340944283
3969-JQABI,No,0.1997771123456661
9624-EGDEQ,No,0.008565985084966312
1051-EQPZR,No,0.23436513474736842
5849-ASHZJ,No,0.027446524273077574
5780-INQIK,Yes,0.5569515116345986
7576-OYWBN,Yes,0.9011373946400362
4526-ZJJTM,No,0.4944553024734859
8384-FZBJK,Yes,0.5785586119084392
3750-RNQKR,No,0.24285100211279645
0962-CQPWQ,No,0.008492462817397843
3096-YXENJ,No,0.23433417384093735
1265-BCFEO,No,0.03189182126042235
5837-LXSDN,No,0.19482996606554845
5945-AZYHT,No,0.37070557746995775
8325-QRPZR,Yes,0.7997911436599316
6384-VMJHP,No,0.054031094039219615
2262-SLNVK,Yes,0.89692271127597
7730-CLDSV,No,0.1556173435076849
1135-HIORI,No,0.31732739095319884
0164-APGRB,No,0.0921734084661118
6481-ESCNL,Yes,0.5389097332156254
1790-NESIO,No,0.021848375195230647
1550-EENBN,No,0.4807637761723399
5539-TMZLF,Yes,0.925713905606138
4323-SADQS,No,0.49057979009328184
4446-BZKHU,Yes,0.7609987310918371
5202-IVJNU,Yes,0.5005530676065048
5976-JCJRH,Yes,0.7871097652963169
8198-RKSZG,No,0.29922553828325604
0137-OCGAB,Yes,0.8730984122946722
3351-NQLDI,No,0.4355253527016322
9297-EONCV,No,0.02153430989571863
7593-JNWRU,Yes,0.5908610450994428
4588-YBNIB,Yes,0.6917306186682162
1069-QJOEE,No,0.02441486226189035
3336-JORSO,Yes,0.6814417155342523
7799-DSEWS,No,0.2789268871895786
8766-PAFNE,No,0.019754200113006673
5315-CKEQK,No,0.27478832257550395
3130-ICDUP,Yes,0.530693477365674
0820-FNRNX,No,0.21108190973640842
0880-FVFWF,No,0.4082626999021429
4611-ANLQC,No,0.2590143941747747
4213-HKBJO,No,0.13391356933222737
2792-LSHWX,Yes,0.6172258386088784
5028-GZLDO,Yes,0.769091436565186
0014-BMAQU,No,0.10401361353146574
6861-XWTWQ,Yes,0.9435201333527653
9018-PCIOK,No,0.08740177687419991
4837-QUSFT,No,0.17651189220577965
6877-TJMBR,Yes,0.8600592222389432
9953-ZMKSM,No,0.035425085325940985
0907-HQNTS,No,0.06297071814992279
7665-NKLAV,No,0.06257362580687349
6769-DCQLI,Yes,0.602511919096661
2433-KMEAS,Yes,0.6150666387797464
4391-LNRXK,No,0.3684107646053302
8250-ZNGGW,Yes,0.5465595568887872
2195-ZRVAX,Yes,0.6206470492999836
3550-SAHFP,Yes,0.7698925520769297
2011-TRQYE,Yes,0.5686097899120731
8562-GHPPI,No,0.3974860863059909
5893-PYOLZ,No,0.03845248009988922
4986-MXSFP,No,0.22325900191846698
6131-FOYAS,No,0.2381747183419473
3027-YNWZU,No,0.02113758975589138
5609-IMCGG,No,0.45197333579196136
4873-ILOLJ,Yes,0.7228944230062694
4727-MCYZG,Yes,0.7648532014807543
9481-WHGWY,No,0.033402044260589646
2725-KXXWT,Yes,0.9170069536505554
9565-DJPIB,Yes,0.784363556877386
4328-VUFWD,No,0.12024085658364896
3301-LSLWQ,No,0.3314058274367376
7473-ZBDSN,No,0.024046518263731186
3166-PNEOF,No,0.04855533585704327
5639-NTUPK,No,0.38837209962524694
8780-YRMTT,No,0.03306120550155756
8348-HFYIV,Yes,0.9216925667978177
5140-FOMCQ,No,0.3856144231943221
6242-SGYTS,No,0.13692019501771435
8166-ORCHU,No,0.23357275977671707
8414-OOEEL,No,0.04866031693107212
8454-AATJP,No,0.09021554485184326
6849-WLEYG,Yes,0.5987365027181343
4659-NZRUF,Yes,0.8071295300129223
4531-AUZNK,No,0.24984284731431775
4191-XOVOM,Yes,0.612826668172249
2150-OEGBV,No,0.046247621194331276
8429-XIBUM,Yes,0.6697051334984311
1855-CFULU,No,0.35583501313867977
4878-BUNFV,No,0.0034101001146353083
1872-EBWSC,No,0.00923307924406109
2608-BHKFN,Yes,0.7904324536741152
7026-YMSBE,No,0.006438243080740065
7341-LXCAF,Yes,0.8938791068496201
6997-UVGOX,No,0.011309451754862814
9674-EHPPG,No,0.09498542754208252
9462-MJUAW,Yes,0.779385607723793
8128-YVJRG,Yes,0.5501255510139532
5440-VHLUL,Yes,0.5320300069949951
5781-BKHOP,No,0.05761243282875611
4283-FUTGF,Yes,0.738526613955781
5213-TWWJU,No,0.405676537422577
1569-TTNYJ,Yes,0.9023740045137923
8628-MFKAX,No,0.025519033552718874
2397-BRLOM,Yes,0.8168085816652909
7629-WIXZF,No,0.3184562347948849
5445-GLVOT,Yes,0.6054809517970287
3976-HXHCE,No,0.09624879092067981
2466-NEJOJ,No,0.2033739679029153
0254-KCJGT,No,0.2047469085093257
5472-CVMDX,No,0.09434667766244463
6461-SZMCV,No,0.008277762723287604
8150-QUDFX,No,0.29840320280007715
9508-ILZDG,Yes,0.6439193082008469
2346-DJQTB,Yes,0.5246890480945303
1697-LYYYX,No,0.0467849442946194
1942-OQFRW,Yes,0.7221772495011501
4749-VFKVB,Yes,0.8150322421580799
9640-ZSLDC,No,0.12696950082431255
4231-LZUYM,No,0.007156291655324853
7598-UAASY,Yes,0.8502082909153371
7938-OUHIO,Yes,0.8413714186092883
8510-AWCXC,Yes,0.883954014413411
6128-AQBMT,Yes,0.6086373842206403
3594-BDSOA,No,0.027091351923927254
0431-APWVY,No,0.3321109485721554
5133-VRSAB,Yes,0.543526318129085
5996-DAOQL,Yes,0.5577414770329278
6838-YAUVY,No,0.2394204984837805
0484-JPBRU,No,0.1918880751739724
7883-ROJOC,No,0.2792399819223442
0244-LGNFY,No,0.11517782374040444
7274-CGTOD,No,0.016456013112116225
4295-YURET,No,0.08994222591947888
3426-NIYYL,Yes,0.6749752329256615
8225-BTJAU,Yes,0.818226813184475
4635-EJYPD,No,0.01727532140765149
1866-ZSLJM,No,0.1316239260064069
4636-TVXVG,No,0.04275091758609738
4236-UJPWO,Yes,0.7564315585738124
9392-XBGTD,No,0.02310357537051508
3387-VATUS,Yes,0.9403644206115824
6402-SSEJG,No,0.21909541876015845
1143-NMNQJ,Yes,0.9273560587882016
1169-SAOCL,No,0.4911122722932344
1110-KYLGQ,No,0.3634602162217681
9929-PLVPA,No,0.25090985664499554
3518-PZXZQ,Yes,0.6895415735223968
2371-JUNGC,No,0.2621093051012513
7693-QPEFS,No,0.44825077470916563
0924-BJCRC,Yes,0.5182393577342883
5074-FBGHB,Yes,0.5354115626657445
2351-BKRZW,No,0.03817149573591672
4455-BFSPD,No,0.2667954553540988
0415-MOSGF,Yes,0.7524196455410238
1724-BQUHA,Yes,0.9011970137845864
3948-KXDUF,No,0.015209410294084841
2323-ARSVR,No,0.15994413954636663
0815-MFZGM,No,0.1551063068842718
4826-XTSOH,Yes,0.9391414014181786
5480-XTFFL,No,0.019861107992435664
8295-FHIVV,No,0.25523895677984293
2495-INZWQ,Yes,0.8633094055252589
9086-YJYXS,No,0.18354868168924607
1179-INLAT,No,0.06794032867421447
7909-FIOIY,No,0.35849363196890066
4139-SUGLD,No,0.4524575858251392
6857-VWJDT,Yes,0.9292589462639538
6351-SCJKT,Yes,0.6015375897543822
5468-BPMMO,No,0.19160438737046395
5624-BQSSA,Yes,0.6422846169124462
0197-PNKNK,No,0.14575436156315702
2439-QKJUL,No,0.2956684742643636
1194-SPVSP,Yes,0.50053780211139
9534-NSXEM,No,0.009998769482621106
2408-WITXK,Yes,0.8310833284189867
8929-KSWIH,No,0.2007680882635498
2250-IVBWA,No,0.2905777132010514
1810-MVMAI,No,0.24937239914833892
9506-UXUSK,Yes,0.73134808998835
1229-RCALF,No,0.3383205240760459
3572-UOLYZ,No,0.43409115663080333
1429-UYJSV,No,0.027105304578658885
5577-OTWWW,No,0.48256089121498097
6100-QQHEB,Yes,0.8069493877855223
6366-XIVKZ,No,0.28962535012167795
3470-OBUET,No,0.0824176133533908
2770-NSVDG,No,0.47407572570240786
9375-MHRRS,No,0.47441149171425984
2634-HCZGT,No,0.37697601894163907
7503-QQRVF,Yes,0.6889611620590536
4860-YZGZM,No,0.290523661689789
6599-GZWCM,No,0.3773390893418479
2691-NZETQ,Yes,0.868494903645268
4404-HIBDJ,No,0.38477848101800877
5533-NHFRF,Yes,0.582915410339177
7037-MTYVW,No,0.06814089671385426
4760-THGOT,No,0.4536790849340669
7295-JOMMD,Yes,0.8644492825720931
4016-BJKTZ,No,0.247867437183832
6584-VQMYT,No,0.048862053105021834
9838-BFCQT,No,0.0026758571505448533
2790-XUYMV,No,0.15914589028656811
0581-MDMPW,Yes,0.6801382262786952
5013-SBUIH,No,0.4398951272802402
1023-BQXZE,No,0.05559250025657145
9163-GHAYE,No,0.3012095457109286
3904-UKFRE,Yes,0.5618738545817032
5353-WILCI,No,0.3087109507410687
0709-TVGUR,Yes,0.828258453825078
0058-EVZWM,No,0.45127196849425844
6023-YEBUP,Yes,0.9401255979325929
7209-JCUDS,Yes,0.8468892922832058
7009-PCARS,No,0.11129825329307678
0519-DRGTI,No,0.16174452363012642
1017-FBQMM,No,0.19415696977578462
3001-CBHLQ,Yes,0.7574454345984106
1985-MBRYP,No,0.013692241677693534
6158-DWPZT,Yes,0.51182151088651
9372-TXXPS,No,0.025471110867010666
3259-QMXUN,No,0.11640040892661005
1015-JPFYW,No,0.06680238886471108
6645-MXQJT,Yes,0.6708801054119984
4360-QRAVE,No,0.4483921528172403
8433-WPJTV,No,0.2933419475287659
5804-JMYIO,No,0.006915045899291782
3763-GCZHZ,Yes,0.5909083193918392
6484-LATFU,No,0.02480282839017993
7599-NTMDP,No,0.014480471509283034
0772-GYEQQ,Yes,0.8654883372978475
0536-ACXIP,No,0.08164781397986834
0936-NQLJU,No,0.010683845068375835
4831-EOBFE,Yes,0.6879371884272153
1575-KRZZE,Yes,0.5685261845867976
3251-YMVWZ,No,0.149478951303858
4102-OQUPX,Yes,0.9332219331959364
9170-GYZJC,No,0.43167428784570044
4884-LEVMQ,No,0.015758557792141404
8857-CUPFQ,No,0.06419663627311996
7610-TVOPG,No,0.2414624407289204
3638-DIMPH,No,0.3514559400145005
1845-ZLLIG,Yes,0.7667541707504469
8559-WNQZS,No,0.13965065154784356
3999-QGRJH,Yes,0.7546879779287929
1699-UOTXU,No,0.053075733790019494
2454-RPBRZ,Yes,0.9123104333792021
0635-WKOLD,No,0.1473781140096295
5993-JSUWV,No,0.0338798990153231
4518-FZBSX,No,0.004244374997858869
5387-ASZNZ,No,0.12676095669537515
6988-CJEYV,Yes,0.5921392025845099
2002-MZHWP,Yes,0.6174082782411143
3097-FQTVJ,No,0.004144216377483317
5465-BUBFA,No,0.01910500871315155
7299-GNVPL,No,0.3037682153178728
9743-DQKQW,Yes,0.7840922257766435
1215-VFYVK,Yes,0.5476649369370478
9371-BITHB,No,0.010444097818727256
2265-CYWIV,Yes,0.8707679864108894
9093-FPDLG,Yes,0.7074077755616915
0541-FITGH,No,0.478942698297994
6985-HAYWX,No,0.4446631293329542
7508-KBIMB,No,0.12454212946811594
6838-HVLXG,No,0.2139659136963854
2277-DJJDL,Yes,0.5426301816132333
1897-OKVMW,No,0.02160235356905848
5485-ITNPC,No,0.01315994867475924
0233-FTHAV,No,0.12284468513777354
4644-PIZRT,No,0.18470768153848283
8922-NPKBJ,No,0.020691174784554237
2740-TVLFN,Yes,0.8023398923291214
7771-CFQRQ,No,0.04140159924878689
9512-PHSMG,No,0.2033740604711579
6963-EZQEE,No,0.04390167979060336
2452-KDRRH,Yes,0.5707949522163657
2004-OCQXK,Yes,0.9344207447344202
5027-QPKTE,Yes,0.7959997323659516
4146-SVFUD,Yes,0.7370497286364414
1564-HJUVY,No,0.4272031425933488
3617-XLSGQ,No,0.16507512567299243
7517-LDMPS,Yes,0.782727893354854
7244-KXYZN,No,0.029368094923952516
5226-NOZFC,Yes,0.6824930327314206
2672-HUYVI,Yes,0.9069291103674256
1400-WIVLL,No,0.2298547327864354
7508-MYBOG,Yes,0.8407369591571815
8148-NLEGT,No,0.02375647573009041
0148-DCDOS,Yes,0.7893792991681957
8347-GDTMP,No,0.015108014071954026
9992-RRAMN,Yes,0.785851207850874
6746-WAUWT,No,0.02349002829587968
0310-MVLET,Yes,0.5818367356596914
0428-IKYCP,Yes,0.5464982430793561
4550-VBOFE,Yes,0.74160276087395
2187-PKZAY,Yes,0.7160639630386504
4003-OCTMP,No,0.13464452742361382
6652-YFFJO,Yes,0.537623770410165
7225-IILWY,No,0.00270877354290825
5248-RPYWW,No,0.08516104685436966
7923-IYJWY,No,0.27238074651346905
3170-GWYKC,No,0.39230100706241533
5696-QURRL,Yes,0.7657900761503971
7409-KIUTL,Yes,0.9048876243731341
9830-ECLEN,No,0.11273485879691297
1732-VHUBQ,Yes,0.5788038503553311
0495-RVCBF,Yes,0.9481736948446384
2668-TZSPS,No,0.4539427073113478
7854-EDSSA,Yes,0.5048394638542235
8869-TORSS,No,0.0868739601553028
7446-SFAOA,No,0.03971603784259189
9522-ZSINC,No,0.05589350184474829
8234-GSZYK,No,0.0829236035634257
6505-OZNPG,No,0.10609519023464126
6164-HAQTX,No,0.01828835517611028
0679-IDSTG,Yes,0.898303275731761
7765-LWVVH,No,0.11414178327103659
1658-TJVOA,Yes,0.5970604440489571
0953-LGOVU,No,0.23038443516196608
2115-BFTIW,Yes,0.5719647631522456
4692-NNQRU,No,0.198497023797701
7742-MYPGI,No,0.44618993741995433
0611-DFXKO,Yes,0.6506980975958895
7780-OTDSO,Yes,0.8310435295264852
9619-GSATL,No,0.12514013114659092
5622-UEJFI,No,0.06633448763424035
9747-DDZOS,Yes,0.8677556884989811
0674-DGMAQ,Yes,0.6983656422033309
6203-HBZPA,No,0.02615482494160693
0484-FFVBJ,No,0.2815098436846652
0301-FIDRB,No,0.008672176435522639
4139-JPIAM,No,0.1939152146529798
2181-TIDSV,No,0.012162442553932482
2761-XECQW,Yes,0.5512152943802151
1936-CZAKF,No,0.18409755637979422
9453-PATOS,No,0.009749352428751148
0564-JJHGS,Yes,0.9226980591764047
3348-CFRNX,Yes,0.6943309430161408
4402-FTBXC,No,0.3977507836511782
1428-GTBJJ,Yes,0.8045249521198621
2931-XIQBR,No,0.2840923596383688
0106-UGRDO,No,0.08705791300363229
5542-TBBWB,Yes,0.936282676680293
1930-QPBVZ,No,0.1369670987428592
2606-PKWJB,No,0.05956361550341934
5322-ZSMZY,No,0.042065161995529975
8059-UDZFY,Yes,0.6536736417495989
7740-BTPUX,No,0.28830686470421946
5220-AGAAX,No,0.008742622958596208
0208-BPQEJ,No,0.3182125963908656
9435-JMLSX,No,0.0066459162132608334
3352-ALMCK,Yes,0.7753655260662132
5312-IRCFR,No,0.32233527717097904
5294-IMHHT,No,0.18522692367304075
8802-UNOJF,Yes,0.7727080072601742
6313-GIDIT,Yes,0.6775801748752884
6176-YJWAS,No,0.04014299315877271
5310-NOOVA,No,0.029730728355760565
4526-EXKKN,No,0.0565493115505438
5311-IHLEI,No,0.39848423772835817
3987-KQDDU,Yes,0.5394199428096534
3404-JNXAX,Yes,0.5451432496833396
5131-PONJI,No,0.3956854501209614
2845-AFFTX,Yes,0.8375682504436944
3489-VSFRD,No,0.07257354154945678
3345-JHUEO,No,0.23959157914284956
5815-HGGHV,No,0.10408791286077858
5260-UMPWX,No,0.1680180868197634
2249-YPRNG,Yes,0.7389478683790568
7410-YTJIK,Yes,0.7950961538867041
4626-GYCZP,Yes,0.9301813271456384
5649-RXQTV,Yes,0.5658887965052501
2674-MIAHT,Yes,0.8498164540740673
2576-HXMPA,No,0.40310202573789367
7587-AOVVU,No,0.40157741375757455
5590-BYNII,Yes,0.7987709211060509
6898-MDLZW,No,0.4030877901491362
3237-AJGEH,Yes,0.5575634708607202
4707-YNOQA,No,0.047085368435096746
9357-UJRUN,No,0.22570086097305891
1591-NFNLQ,Yes,0.580549480293459
8648-PFRMP,Yes,0.7046252260501261
7663-CUXZB,No,0.1983632534240622
0258-NOKBL,Yes,0.7085029344366682
1163-VIPRI,No,0.15191461852493768
2815-CPTUL,Yes,0.7645845883202218
9348-ROUAI,No,0.05171096036717353
9443-JUBUO,No,0.0019650533049651465
0596-BQCEQ,Yes,0.6237844339085312
1481-ZUWZA,Yes,0.6754693541557283
3043-TYBNO,No,0.4714716945745156
4830-FAXFM,No,0.2116518338624473
5906-BFOZT,Yes,0.6207397348059766
2960-NKRSO,Yes,0.5234404583758935
8996-ZROXE,No,0.1759379426785497
5598-IKHQQ,No,0.03950615049471242
0397-ZXWQF,No,0.029760304834617904
5266-PFRQK,No,0.019824952756342017
4674-HGNUA,No,0.05290362204302844
6765-MBQNU,No,0.07441413667465095
9786-IJYDL,No,0.19894435603972077
1303-SRDOK,No,0.15789672875931038
3769-MHZNV,No,0.01513016481798383
6295-OSINB,No,0.09272524318543764
3308-MHOOC,No,0.4802485535543922
2309-OSFEU,Yes,0.6707317202411122
2207-QPJED,No,0.4329641571364584
4177-JPDFU,No,0.2996669940562926
2239-CFOUJ,No,0.15213544119464933
8046-DNVTL,No,0.030956449994246862
2209-XADXF,Yes,0.7115100080710451
6620-JDYNW,No,0.27295547398474723
1891-FZYSA,Yes,0.7014883842472902
4770-UEZOX,Yes,0.802911630419624
1038-RQOST,No,0.1253682295742586
7613-LLQFO,Yes,0.8554053115555752
4568-TTZRT,No,0.22928024837561456
9513-DXHDA,No,0.24386040287649294
2640-PMGFL,Yes,0.7185915945763989
3801-HMYNL,Yes,0.8439983575466962
0516-QREYC,No,0.16272725109742275
9685-WKZGT,Yes,0.8269938113243294
6022-UGGSO,Yes,0.6914126356294814
8084-OIVBS,No,0.030981899688684457
8896-BQTTI,No,0.4417021403035124
3865-QBWSJ,No,0.4626203883905955
3352-RICWQ,No,0.045142670414420716
2160-GPFXD,No,0.02611217652618107
2065-MMKGR,No,0.26663162101094223
5857-TYBCJ,Yes,0.7064067532724299
1498-NHTLT,No,0.036663906772640927
4484-CGXFK,Yes,0.7353817135390402
1402-PTHGN,No,0.09548096878300802
4176-RELJR,No,0.037361258125167426
6214-EDAKZ,No,0.47134805686407377
5199-FPUSP,No,0.08232968117847729
6377-KSLXC,No,0.28538021276216247
1796-JANOW,No,0.27732697061560424
0238-WHBIQ,No,0.02536111815470759
8735-NBLWT,No,0.12594047404414926
6651-RLGGM,No,0.00270877354290825
6127-ISGTU,Yes,0.8442002310582303
1614-JBEBI,No,0.14914944783781348
8740-XLHDR,Yes,0.6328677688357517
1208-DNHLN,No,0.4395532421006625
1761-AEZZR,Yes,0.9453501755021758
3923-CSIHK,Yes,0.6423511350222838
5696-EXCYS,No,0.019112186850160178
5795-KTGUD,No,0.20042747171058617
7120-RFMVS,Yes,0.9043499534669656
7924-GJZFI,Yes,0.659939144368314
4702-HDRKD,No,0.04853954820038707
8512-WIWYV,No,0.014568292099609718
5897-ZYEKH,No,0.2789148985243875
5456-ITGIC,No,0.03465670261784361
7317-GGVPB,No,0.39228276178169064
1406-PUQVY,Yes,0.635879748870232
1322-AGOQM,No,0.49748446270643537
3677-IYRBF,Yes,0.8930335780260068
5692-FPTAH,Yes,0.7720597950680108
9114-AAFQH,No,0.2044404637084827
8715-KKTFG,No,0.3513798997283337
1550-LOAHA,No,0.485289339901989
1728-BQDMA,Yes,0.6899618984841461
0268-QKIWO,No,0.44750974323937515
0876-WDUUZ,Yes,0.7093438763029782
5117-ZSMHQ,No,0.018738707506484972
5151-HQRDG,No,0.16283818887082963
0960-HUWBM,No,0.2734528892425771
6465-GSRCL,No,0.23808892984137833
0617-FHSGK,Yes,0.6661303550116822
0263-FJTQO,No,0.03858564743397555
7319-ZNRTR,No,0.02844714546748058
2858-MOFSQ,No,0.45622571629391634
7503-EPSZW,No,0.026909618227913643
7089-XXAYG,No,0.283638967091541
8118-LSUEL,Yes,0.8466895034207679
8070-AAWZP,No,0.28306969633649687
1666-JXLKU,Yes,0.8124222271380012
7855-DIWPO,Yes,0.6141568619431561
5133-POWUA,Yes,0.7764893170501639
5652-MSDEY,Yes,0.7639821827327052
7005-CCBKV,Yes,0.8212010050290449
1810-BOHSY,No,0.2902267501971919
1784-BXEFA,No,0.14176028348312714
7351-MHQVU,Yes,0.5030937964881821
9224-VTYID,No,0.028981615207824496
9500-IWPXQ,No,0.09992868028260055
5762-TJXGK,No,0.04958866585511713
4504-YOULA,No,0.27931887678253364
5569-IDSEY,No,0.33517568177461876
4250-FDVOU,Yes,0.5331327785717674
7284-ZZLOH,No,0.09188568221133737
5277-ZLOOR,Yes,0.9306279858233285
2141-RRYGO,Yes,0.6298838599200373
1777-JYQPJ,Yes,0.7456407463649948
6376-GAHQE,Yes,0.8694444723854677
3401-URHDA,No,0.07112279388647179
1599-EAHXY,No,0.020912303543145903
8631-XVRZL,No,0.03343245428466713
5052-PNLOS,Yes,0.897429539451286
3853-LYGAM,No,0.44815696833278396
6979-ZNSFF,Yes,0.874449265398419
5751-USDBL,No,0.03290619057111389
5680-LQOGP,No,0.03231259398900746
2386-LAHRK,Yes,0.7919430416740573
8189-DUKMV,No,0.17019543352685712
6032-IGALN,Yes,0.7806567837849397
9931-DCEZH,No,0.21204864680135854
1898-JSNDC,No,0.13353028827874833
0315-LVCRK,Yes,0.7148213616121463
3911-RSNHI,No,0.05395147734674849
2410-CIYFZ,No,0.15841159471521635
4248-HCETZ,Yes,0.6210329403156305
5505-OVWQW,No,0.0332373856056038
7271-AJDTL,Yes,0.5517266072909603
1867-TJHTS,No,0.33324603463324065
0516-WJVXC,Yes,0.6757077645573796
9174-FKWZE,Yes,0.6415210371046308
6860-YRJZP,Yes,0.808862029500626
4429-WYGFR,No,0.17305113830979515
2817-LVCPP,No,0.01901696551795844
5038-ETMLM,No,0.06458208253479286
5056-FIMPT,No,0.3715846283108504
4521-WFJAI,No,0.07831242486383143
6569-KTMDU,No,0.3829912355076771
8809-RIHDD,No,0.41415545202778653
8809-XKHMD,No,0.0948814988020364
0396-YCHWO,Yes,0.7971085612628434
0867-LDTTC,No,0.3879861085767052
4822-NGOCH,Yes,0.8671753126269749
9391-DXGGG,No,0.2756686087997677
9844-FELAJ,No,0.3088350237802501
2122-SZZZD,No,0.008652090513503496
5307-DZCVC,Yes,0.719973585412924
3148-AOIQT,No,0.027836487720046807
8679-JOEVF,Yes,0.6611065100549245
8395-ETZKQ,No,0.046432971606578104
6692-YQHXC,Yes,0.539927402665082
3889-VWBID,No,0.02243027259059393
5222-JCXZT,No,0.22918089342016246
9754-CLVZW,No,0.30463703558859234
1432-FPAXX,Yes,0.6421767418110664
2739-CCZMB,No,0.19322685649483035
7080-TNUWP,No,0.15920016417554406
0496-AHOOK,No,0.1551457389988537
8336-TAVKX,No,0.04192599967346395
2468-SJFLM,Yes,0.6974381369279498
3181-VTHOE,No,0.2264651806721532
7168-HDQHG,No,0.21233902392979603
4803-AXVYP,Yes,0.7458632957071802
3884-HCSWG,Yes,0.6901763184812475
4567-AKPIA,No,0.30682615526478335
5077-DXTCG,Yes,0.8031397368270444
1142-WACZW,Yes,0.6634584703808308
7901-HXJVA,Yes,0.6570892704040576
5649-ANRML,Yes,0.7812014444380171
4892-VLANZ,Yes,0.596804722296907
5924-IFQTT,No,0.26936685220826107
7968-QUXNS,No,0.21478527021829444
2919-HBCJO,Yes,0.8078317349692337
4236-XPXAV,Yes,0.8121495623759762
8903-WMRNW,Yes,0.706756120826962
2452-SNHFZ,No,0.4355193692641969
3629-WEAAM,No,0.3412323959376236
6029-CSMJE,No,0.4428310124240286
7993-NQLJE,No,0.4474807464114503
9909-DFRJA,No,0.2963621890530103
9099-FTUHS,No,0.4057089764234391
0581-BXBUB,Yes,0.6648712947278896
4962-CHQPW,No,0.0219107151814048
9467-ROOLM,No,0.11223261025933363
3030-YZADT,Yes,0.5544550238714747
7410-KTVFV,No,0.3004827536944781
5150-ITWWB,Yes,0.9516179753723754
2253-KPMNB,No,0.023424945912474966
1345-ZUKID,No,0.029657776424815593
6429-SHBCB,No,0.37267910124556125
9281-OFDMF,Yes,0.5437885371438643
2603-HVKCG,Yes,0.6328440264152388
1834-WULEG,No,0.0037426154410094164
9097-ZUBYC,No,0.3088054477395182
5148-ORICT,No,0.02329299833263687
4893-GYUJU,No,0.0365760022657345
4578-PHJYZ,No,0.15335760135313733
7272-QDCKA,No,0.4148379082028743
8908-SLFCJ,No,0.03294227067562409
8393-DLHGA,Yes,0.6685937099618268
9766-HGEDE,No,0.04458947074882229
6968-MHOMU,No,0.324629177417718
7395-IGJOS,Yes,0.6951743676446023
5044-XDPYX,No,0.033954373316991984
1814-WFGVS,No,0.03250181200048104
2834-SPCJV,Yes,0.6569089919416741
3721-WKIIL,No,0.020069964690074743
6734-CKRSM,No,0.3223482994432732
1265-ZFOSD,No,0.017154496548599053
6568-POCUI,No,0.15416759453454248
7890-VYYWG,Yes,0.8400385224428758
5197-LQXXH,No,0.022519284499430286
9907-SWKKF,Yes,0.7663400220361076
3457-PQBYH,No,0.003935966821190586
7682-AZNDK,Yes,0.5002291235042403
0587-DMGBH,Yes,0.6636427789037215
5384-ZTTWP,No,0.2515999083882906
3745-HRPHI,No,0.029978391845138543
7636-OWBPG,No,0.4711982087396791
1231-YNDEK,No,0.08000755540777112
1407-DIGZV,No,0.06286129985144387
6397-JNZZG,Yes,0.580010782220686
0570-BFQHT,Yes,0.6458326387807949
4393-OBCRR,No,0.06184179292144249
3523-QRQLL,No,0.22992055823957996
8564-LDKFL,No,0.4055222126663062
3696-DFHHB,No,0.016521236918717305
0895-DQHEW,Yes,0.7777248933168681
4717-GHADL,No,0.06707192157513706
5501-TVMGM,Yes,0.7439163430620684
5879-HMFFH,No,0.015492547420753329
6772-WFQRD,No,0.03779785470408747
3810-DVDQQ,No,0.08295007477048338
6972-SNKKW,No,0.31481636196446167
3694-GLTJM,No,0.2576658889566404
8550-XSXUQ,No,0.18535050076830684
8149-RSOUN,Yes,0.9570638254605149
9055-MOJJJ,No,0.06682128386414002
4359-INNWN,No,0.036537954049709824
0585-EGDDA,Yes,0.517777363544995
4032-RMHCI,No,0.1272315229639083
0549-CYCQN,No,0.13074378966727238
3481-JHUZH,Yes,0.6193066531863612
7250-EQKIY,Yes,0.7372437587011916
3594-IVHJZ,No,0.20107329480059635
6869-FGJJC,No,0.1653760640960351
3896-ZVNET,No,0.08917287188459035
8205-VSLRB,No,0.08128160820340892
5960-MVTUK,Yes,0.6914861881690237
6817-WTYHE,Yes,0.7255388273157745
3082-VQXNH,Yes,0.5550052371932807
4013-UBXWQ,Yes,0.7305439466779601
4931-TRZWN,Yes,0.5538753573587695
0750-EKNGL,No,0.2534383366400124
7669-LCRSD,No,0.3215089383640548
3567-PQTSO,No,0.42256838153636883
5519-NPHVG,Yes,0.9087289918853914
8043-PNYSD,No,0.008841471697934403
9938-EKRGF,No,0.32793628639431244
2703-AMTUL,No,0.06226913460493111
0928-JMXNP,Yes,0.8230476790476842
8173-RXAYP,No,0.007248206145664676
4825-XJGDM,No,0.12379425250431267
5402-HTOTQ,No,0.3465775458311492
6734-JDTTV,No,0.006244735949562583
7850-THJMU,No,0.010749586350570498
3890-RTCMS,No,0.47420187495599414
8849-GYOKR,No,0.30069739238415594
3148-BLQJT,Yes,0.6166902572500419
3717-FDJFU,No,0.03875553509051747
3665-JATSN,Yes,0.6171269498786732
7966-YOTQW,No,0.41617708600678316
0461-CVKMU,Yes,0.6069750767840789
8806-EAGWC,Yes,0.7645865006024077
8853-TZDGH,No,0.12803289109117202
7779-LGOVN,Yes,0.9214469628852625
4324-BZCKL,No,0.2553631497289709
6924-TDGMT,No,0.05368823444139592
9710-ZUSHQ,Yes,0.5214797030971615
1536-YHDOE,No,0.14893709151224382
8123-QBNAZ,Yes,0.5533181737790942
3629-ZNKXA,Yes,0.7606724150269221
4827-LTQRJ,No,0.23698249530545254
7711-YIJWC,No,0.1881586360050401
5482-VXSXJ,Yes,0.6377932612597461
7365-BVCJH,Yes,0.8577608077804928
9620-ENEJV,Yes,0.6590137019808294
4183-WCSEP,Yes,0.6250300683735838
2378-YIZKA,No,0.012193802311210436
5498-TXHLF,Yes,0.710621056431884
0689-DSXGL,No,0.2850828361250132
6818-DJXAA,Yes,0.7264842661715507
9722-UJOJR,Yes,0.7283827385966873
0464-WJTKO,No,0.003635363230629925
8902-ZEOVF,No,0.006130996313051612
6778-EICRF,No,0.13467927996682452
2662-NNTDK,No,0.09698021814446438
4132-KALRO,Yes,0.8041999063144561
3902-FOIGH,Yes,0.9105255417347793
6772-KSATR,Yes,0.7503633339493424
7112-OPOTK,Yes,0.6801617887487086
2874-YXVVA,Yes,0.5123204018024299
1245-HARPS,No,0.02249898791465895
4210-QFJMF,Yes,0.877197961720456
4323-ELYYB,No,0.031195244420799722
4293-ETKAP,No,0.03037061174088198
6064-PUPMC,No,0.06803734382932061
6504-VBLFL,No,0.07384227154277727
6322-PJJDJ,No,0.276707780795202
0330-BGYZE,No,0.3340040367289887
1085-LDWAM,No,0.031387255173126634
7586-ZATGZ,Yes,0.7405378817797229
7197-VOJMM,No,0.024584416300883146
3318-OSATS,Yes,0.8402086999293409
5828-AVIPD,Yes,0.5918620376436299
1843-TLSGD,No,0.017775179466445495
9626-VFRGG,Yes,0.5310378737022677
7075-BNDVQ,Yes,0.5341284629114518
9143-CANJF,No,0.31901337340689934
7284-BUYEC,Yes,0.6489112921233126
2041-JIJCI,No,0.4297791990228992
1086-LXKFY,Yes,0.8853188913080545
4900-MSOMT,No,0.034555358449671496
2229-VWQJH,No,0.3590420195184258
9194-GFVOI,No,0.07975170221817773
1336-EZFZY,No,0.3238965503195473
4282-MSACW,Yes,0.5259943937552304
1403-LKLIK,No,0.027676308375068095
2636-ALXXZ,Yes,0.9317562282777033
7774-OJSXI,Yes,0.5914186569426627
7786-WBJYI,Yes,0.8008982526990955
0136-IFMYD,No,0.29613379815024715
5144-TVGLP,Yes,0.6259023208960011
9643-AVVWI,Yes,0.7660456442487864
0253-ZTEOB,No,0.08140954736873106
2706-QZIHY,No,0.07517757120983098
6061-PQHMK,No,0.022362196612085883
9885-CSMWE,Yes,0.9367534489512426
6137-MFAJN,No,0.44906373435240005
9122-UMROB,No,0.45183744671567233
4232-JGKIY,No,0.4052283263469702
2402-TAIRZ,No,0.24450975400653552
9659-ZTWSM,No,0.4030829260077074
9139-TWBAS,No,0.16209560365733358
6685-GBWJZ,No,0.13570972231240327
5016-ETTFF,Yes,0.6621384728270591
3866-MDTUB,Yes,0.6806535469113246
2195-VVRJF,No,0.3381989880969885
3913-RDSJZ,No,0.011249804490572998
8058-JMEQO,Yes,0.9072168215682923
4203-QGNZA,No,0.11844728821659888
5043-TRZWM,Yes,0.8768406954557911
0697-ZMSWS,Yes,0.9235091042914509
7657-DYEPJ,No,0.443981372856303
9494-BDNNC,No,0.3893987355812599
1640-PLFMP,Yes,0.9183945815051264
5366-OBVMR,No,0.3334035311379588
8276-MQBYC,Yes,0.8057739201161591
7593-XFKDI,Yes,0.8022649020750102
4573-JKNAE,No,0.13431055719954346
0337-CNPZE,Yes,0.7797696073296185
9817-APLHW,No,0.2449071061412675
8380-MQINP,No,0.010079177146901215
0840-DFEZH,Yes,0.8244864736254882
1513-XNPPH,Yes,0.7334653552240805
8690-ZVLCL,No,0.03498613078163165
6015-VVHHE,Yes,0.8919062438442101
1125-SNVCK,No,0.28440817376222477
0384-LPITE,No,0.212659035874674
4616-EWBNJ,No,0.11878007731612078
6347-DCUIK,Yes,0.808609320303836
1335-HQMKX,No,0.35837680913989434
2545-EBUPK,Yes,0.9089656368810223
6923-AQONU,No,0.004925002889216627
2172-EJXVF,No,0.36447112206638593
0897-FEGMU,Yes,0.9364553880121265
7663-RGWBC,Yes,0.6941300144469337
1120-BMWUB,Yes,0.5050623829993501
9124-LHCJQ,Yes,0.9472775687712183
4536-PLEQY,Yes,0.6915467697622615
7029-IJEJK,No,0.06644743591055527
8871-JLMHM,No,0.08109185623169175
2235-ZGKPT,Yes,0.6463471276208198
3891-PUQOD,Yes,0.6899692724698101
5447-VYTKW,No,0.1919571258658806
3623-FQBOX,No,0.18714652759487202
0689-NKYLF,Yes,0.8061400310386251
8659-HDIYE,No,0.2128846045925728
3658-KIBGF,Yes,0.7174510994168228
3474-BAFSJ,No,0.053398828560078965
5519-YLDGW,Yes,0.8411328924960456
3865-ZFZIB,No,0.030937841652343128
1855-AGAWH,Yes,0.5884905536870271
7109-CQYUZ,No,0.02735640893202206
1370-GGAWX,No,0.3562029179959612
4680-KUTAJ,Yes,0.5156718351900318
5307-UVGNB,No,0.24464469072126777
4946-EDSEW,No,0.34044666767372816
2883-ILGWO,Yes,0.5623350383745613
2516-VQRRV,Yes,0.9105515998054133
7580-UGXNC,Yes,0.6679284681565709
3642-BYHDO,No,0.0053360435027387685
9629-NHXFW,Yes,0.5801500347701729
2696-RZVZW,No,0.03284324144444806
5766-FTRTS,No,0.008142992934357992
0396-HUJBP,No,0.2696652652546739
5178-LMXOP,Yes,0.9581240740095357
8879-ZKJOF,No,0.14654222158410452
6285-FTQBF,No,0.008729263246539096
8185-UPYBR,Yes,0.888570330228913
4585-HETAI,Yes,0.8393419305441392
7526-BEZQB,Yes,0.9087391052910382
1474-JUWSM,No,0.17551131447871787
3530-CRZSB,No,0.25797367072177496
8498-XXGWA,No,0.16343805475053114
9617-INGJY,Yes,0.8635331427828141
0621-TSSMU,No,0.049192555372921186
7234-KMNRQ,No,0.23043935392920842
7636-PEPNS,No,0.12625845011604328
4683-WYDOU,No,0.3721321525568213
9052-DHNKM,No,0.1767082209115608
6794-HKIAJ,No,0.2740628383546537
5578-NKCXI,No,0.19967095888645148
1642-HMARX,No,0.03948820146066773
3096-WPXBT,No,0.2663589582572481
8434-PNQZX,No,0.0617415544154248
5950-AAAGJ,Yes,0.593501549847631
4299-OPXEJ,No,0.043924325855909635
4951-UKAAQ,Yes,0.9121331982382467
9618-LFJRU,No,0.2789490860252695
6693-DJWTY,No,0.08834869357265802
0744-GKNGE,No,0.2577396588520961
6447-EGDIV,No,0.023515359857611055
1167-OYZJF,No,0.010900447711940575
2108-YKQTY,Yes,0.6150214492112864
4806-DXQCE,No,0.11581209851016677
4918-QLLIW,Yes,0.7695643494598369
7056-IMHCC,Yes,0.733516012386268
4854-SSLTN,No,0.1327691255572667
5294-DMSFH,Yes,0.6421590237522825
4837-PZTIC,No,0.07963503448973397
1625-JAIIY,Yes,0.5134398861120099
0603-OLQDC,No,0.3460370335305989
3272-VUHPV,No,0.21824324363968528
4176-FXYBO,No,0.494065904717944
1063-DHQJF,No,0.11280093160779145
8663-UPDGF,No,0.24466687753829955
6719-FGEDO,No,0.07080653470396066
1837-YQUCE,No,0.01612891316611314
2947-DOMLJ,Yes,0.6037870188711858
4112-LUEIZ,Yes,0.8540266419119817
0369-ZGOVK,No,0.2129507115392822
4510-HIMLV,Yes,0.936282676680293
9919-KNPOO,Yes,0.7851849319300597
8749-JMNKX,Yes,0.6498910426436518
7872-BAAZR,No,0.11875280607184761
9391-LMANN,No,0.19227480837846037
2430-USGXP,Yes,0.8425420550909591
8174-TBVCF,No,0.08521757081172716
1698-XFZCI,No,0.4519927286838567
1877-HKBQX,No,0.11011236587979757
4450-DLLMH,Yes,0.7710101019959555
0428-AXXLJ,No,0.024525150276465957
2746-DIJLO,No,0.13909859331710453
5955-ERIHD,Yes,0.8043690744429922
0917-EZOLA,No,0.4019328071456877
3508-VLHCZ,No,0.019362218645746956
4086-ATNFV,No,0.06501930232695032
0468-YRPXN,No,0.46945460370723735
5996-NRVXR,No,0.2257359336388265
3739-YBWAB,No,0.12559622142016327
7047-FWEYA,Yes,0.52389712047496
2000-MPKCA,Yes,0.5324498635736056
9762-YAQAA,No,0.19979017220844525
5949-EBSQK,No,0.40071857856163184
5473-KHBPS,No,0.1989513756451704
0100-DUVFC,No,0.42855193045623363
5397-TUPSH,No,0.10072059550851427
8950-MTZNV,Yes,0.7331381890509581
0326-VDYXE,No,0.40945803905080047
6773-LQTVT,No,0.382430882842252
7274-RTAPZ,Yes,0.9201240189427696
0436-TWFFZ,No,0.03861600123344654
8566-YPRGL,Yes,0.6370241871959017
0311-UNPFF,Yes,0.6818709984933503
6609-MXJHJ,No,0.1509016677467467
2669-OIDSD,No,0.43371706865475224
8400-WZICQ,No,0.20105867333577093
3834-XUIFC,Yes,0.8729268159941762
9576-SYUHJ,Yes,0.6096109529128945
0410-IPFTY,Yes,0.5389419881003638
2831-EBWRN,Yes,0.7740916810573698
9430-NKQLY,No,0.02194347567177216
8414-MYSHR,Yes,0.900979992583945
0247-SLUJI,Yes,0.5929465863547495
9402-ORRAH,Yes,0.8164940003310152
6483-OATDN,No,0.3371749749187146
1293-HHSHJ,No,0.026293450996937237
4840-ORQXB,Yes,0.5571517126990213
7599-FKVXZ,Yes,0.7652105695932724
3982-DQLUS,No,0.3259183218558912
8610-ZIKJJ,No,0.17415420595124356
3756-VNWDH,No,0.24996711232250443
7801-KICAO,Yes,0.7203412740578449
7673-LPRNY,No,0.20236315813969974
8229-TNIQA,Yes,0.7575417380549314
6060-QBMGV,No,0.008386877512804472
7339-POGZN,Yes,0.7166201893322096
2828-SLQPF,No,0.4238103100451451
4465-VDKIQ,Yes,0.5613971078104759
2921-XWDJH,Yes,0.5369881782389768
6221-AVQYL,Yes,0.8449869997298299
2558-BUOZZ,No,0.16335795650721446
9257-AZMTZ,No,0.0169301093794267
0003-MKNFE,No,0.4495041176813658
0975-UYDTX,No,0.21899702589860573
7743-EXURX,Yes,0.694059208293363
4682-BLBUC,No,0.21477376629259504
0975-VOOVL,Yes,0.5565541105186179
5968-VXZLG,Yes,0.7444946039649409
5569-KGJHX,Yes,0.8493809643749629
4988-IQIGL,Yes,0.9430080001356688
5201-FRKKS,No,0.45359353141754627
9799-CAYJJ,Yes,0.7605938633861646
7730-IUTDZ,Yes,0.6311277713005182
0426-TIRNE,Yes,0.6486502230143513
5443-SCMKX,No,0.33570769985809384
8295-KMENE,No,0.0445076271827661
6738-ISCBM,No,0.26311084207340485
9821-BESNZ,Yes,0.5732770100243102
3678-MNGZX,No,0.011931575976666725
1335-NTIUC,Yes,0.7506436258947538
2916-BQZLN,No,0.47922141962193715
4558-CGYCZ,No,0.3038692228450779
2368-GAKKQ,No,0.13733001022256858
8710-YGLWG,Yes,0.7262388549583466
3199-XGZCY,Yes,0.8101795894292477
3785-KTYSH,No,0.06943874618370188
6814-ZPWFQ,No,0.1786594464610422
4063-EIKNQ,No,0.20891065390085073
6993-YCOBK,No,0.2257442032092775
5206-HPJKM,No,0.3957954623661005
7587-RZNME,Yes,0.7648471701515215
0748-RDGGM,Yes,0.5653139291805352
8393-JMVMB,Yes,0.5656191462593602
5019-GQVCR,Yes,0.7359939614474167
6036-TTFYU,No,0.2845944587768606
2550-AEVRU,No,0.10144702529406475
0969-RGKCU,No,0.006714152101832696
0378-CJKPV,No,0.03593627625308189
4706-AXVKM,Yes,0.8393147544440783
5889-JTMUL,Yes,0.6849612936460897
9026-RNUJS,Yes,0.8077875141601493
3746-EUBYR,Yes,0.9273215849676752
2332-EFBJY,No,0.35207548526587695
2880-FPNAE,Yes,0.7839345157564679
1703-MGIAB,No,0.370495527387124
4311-QTTAI,No,0.04050661899032533
9474-PHLYD,Yes,0.6034480513459287
4318-RAJVY,No,0.04062888655159798
2165-VOEGB,No,0.35427706126786424
3612-YUNGG,No,0.19058581207370262
2254-DLXRI,Yes,0.8570658988131792
5062-CJJKH,No,0.15012258557383007
9028-LIHRP,No,0.07370184620549947
2219-MVUSO,Yes,0.5905490958360373
1053-MXTTK,No,0.09711410982671202
1530-ZTDOZ,No,0.2197758320352349
1301-LOPVR,No,0.11302328713795118
0853-TWRVK,No,0.11068851469643429
8914-RBTSB,Yes,0.5993706405641271
6212-ATMLK,Yes,0.8150488416860016
8200-LGKSR,No,0.10148944090486882
1568-BEKZM,No,0.06442476685252718
0670-ANMUU,No,0.2767315465377411
6897-RWMUB,No,0.012712221300607781
0963-ZBDRN,Yes,0.6671506575764945
7594-RQHXR,Yes,0.9348997235341241
6999-CHVCF,No,0.12399206127634695
6134-KWTBV,No,0.02339757435948387
1077-HUUJM,Yes,0.7554875344382965
6331-EWIEB,Yes,0.8070040545898798
0895-LNKRC,No,0.07560920654257595
2045-BMBTJ,No,0.42064054857830624
8417-GSODA,No,0.26105319641850194
5171-EPLKN,No,0.013802761844524251
4452-QIIEB,Yes,0.5757110265317787
5998-VVEJY,Yes,0.7153656566439085
1624-NALOJ,Yes,0.915054462011147
6741-EGCBI,Yes,0.5655701575303553
7820-ZYGNY,No,0.2284114197173183
4317-VTEOA,Yes,0.7030098149794856
9677-AVKED,No,0.16130005506469314
1670-SVOWZ,Yes,0.7001008474495195
2227-JRSJX,Yes,0.5162537646601918
9847-HNVGP,No,0.019307645480163046
6696-YDAYZ,No,0.007093347835685378
8980-WQFWL,No,0.41234733494718084
1730-ZMAME,Yes,0.6102455529639242
6506-EYCNH,No,0.26861835927180716
4634-JLRJT,Yes,0.6883672911525991
9501-UKKNL,No,0.3216951515273728
2560-QTSBS,No,0.042249328597162364
7541-YLXCL,No,0.4197134325864687
4795-WRNVT,No,0.22651684031297423
6080-TCMYC,Yes,0.6287978068079648
0260-ZDLGK,Yes,0.5949359401031449
7860-UXCRM,No,0.060533112607016853
6357-JJPQT,Yes,0.8863001218165033
2292-XQWSV,No,0.19517728668583417
9552-TGUZV,Yes,0.5910156089699808
5913-INRQV,No,0.18937734027912576
8722-NGNBH,Yes,0.6225778578395366
6210-KBBPI,Yes,0.8964437207696704
9643-YBLUR,No,0.38883334122023006
8734-FNWVH,No,0.20192391681893856
9447-YPTBX,No,0.04217473560741211
0133-BMFZO,Yes,0.7020171880543665
6128-CZOMY,Yes,0.8041892299666432
9540-JYROE,Yes,0.6939663327757863
9026-LHEVG,No,0.43364310920406257
2260-USTRB,Yes,0.8221189318813195
3656-TKRVZ,Yes,0.659988581832378
7011-CVEUC,No,0.4413521891388371
6185-TASNN,Yes,0.8399859171323476
7925-PNRGI,No,0.18407440732932853
8623-TMRBY,Yes,0.6089628536032279
1552-CZCLL,No,0.16246695046655787
3038-PQIUY,No,0.22639354303299322
1501-SGHBW,Yes,0.8035430308742423
9313-CDOGY,No,0.1609601773169582
8148-BPLZQ,No,0.3100458240462715
2623-DRYAM,No,0.39062455943701246
9987-LUTYD,No,0.09611009736754304
3208-YPIOE,Yes,0.6837146004963459
4488-KQFDT,No,0.49893892445631244
2612-RANWT,Yes,0.9164687893408969
5693-PIPCS,No,0.16335907956620888
0491-KAPQG,Yes,0.7341760641046171
1925-LFCZZ,No,0.3323092089020143
8039-EQPIM,No,0.03073732902259965
6900-PXRMS,Yes,0.7606117613319938
8707-RMEZH,No,0.27095110825319646
3346-BRMIS,Yes,0.7729148240366444
3209-ZPKFI,No,0.26422109123062426
6479-VDGRK,No,0.012562449491402993
9373-WSLOY,No,0.30109315911603524
2933-FILNV,Yes,0.7305076115912756
3569-JFODW,No,0.08755896061944667
9819-FBNSV,Yes,0.5652707855104875
9544-PYPSJ,No,0.4405095914888523
1591-XWLGB,No,0.004185903600971373
0396-UKGAI,No,0.20474613879966735
3243-ZHOHY,No,0.036141836748687206
5186-EJEGL,No,0.34172590807157044
7527-QNRUS,No,0.11870412493418031
9986-BONCE,No,0.34656895927993536
2722-JMONI,Yes,0.7458848846600626
2203-GHNWN,Yes,0.6063545539308126
3878-AVSOQ,Yes,0.9047381640765717
3258-SYSWS,No,0.11379953966717478
5296-PSYVW,No,0.03392575467257079
6319-QSUSR,No,0.3167003603449476
4083-EUGRJ,No,0.2880417492361443
7579-OOPEC,Yes,0.5963712326264602
0512-FLFDW,No,0.39657631499796836
1771-OADNZ,Yes,0.7505123482506976
0487-CRLZF,No,0.03829953583746711
2107-FBPTK,Yes,0.7813891835314302
9451-WLYRI,No,0.04627729163411613
8219-VYBVI,No,0.045143348893236804
1991-VOPLL,No,0.22568195094229332
9738-QLWTP,No,0.16962914564272158
1016-DJTSV,Yes,0.7474003262938422
9419-IPPBE,No,0.3849588964135998
0174-QRVVY,No,0.009545589777151342
5699-BNCAS,No,0.018956962940797333
2900-PHPLN,No,0.009667869579804339
0612-RTZZA,Yes,0.8478294998415482
8106-GWQOK,No,0.02376049540998447
8751-EDEKA,Yes,0.5445963027526075
6878-GGDWG,No,0.297403730572087
4039-PIMHX,No,0.13257440925917424
8450-LUGUK,No,0.034746278942642636
3604-WLABM,No,0.4645900944649522
0795-GMVQO,No,0.3191716713926636
2259-OUUSZ,No,0.2718748984288731
1142-IHLOO,No,0.306063363996454
6410-LEFEN,Yes,0.6530572946538754
4633-MKHYU,Yes,0.8681733245605807
6257-RJOHI,Yes,0.5420915227899038
1545-JFUML,No,0.12153250936716975
3194-ORPIK,Yes,0.6599501541380073
7826-VVKWT,No,0.3634584407598417
1353-GHZOS,No,0.11024002861710976
2587-EKXTS,No,0.4974334184965116
5442-BXVND,No,0.18276736841812366
8816-VXNZD,Yes,0.9265385501335826
9378-FXTIZ,No,0.20157833966347066
1723-HKXJQ,Yes,0.8258270274745696
7825-GKXMW,Yes,0.7957117768369327
9753-OYLBX,Yes,0.6174082782411143
2364-UFROM,No,0.19319060607588245
6656-JWRQX,Yes,0.581806933365258
6473-ULUHT,No,0.3065382816971004
1240-KNSEZ,Yes,0.7102257085824072
0836-SEYLU,Yes,0.6135219852606437
4433-JCGCG,Yes,0.8117412972185185
3716-BDVDB,Yes,0.9326646635055575
7688-AWMDX,No,0.04391318917465417
2842-BCQGE,Yes,0.6208724742805465
7244-QWYHG,No,0.039506612647785884
5899-MQZZL,Yes,0.7767475361031564
6849-OYAMU,No,0.46938550089689524
5312-UXESG,Yes,0.5379980768956943
9488-HGMJH,Yes,0.9106312937483638
6038-GCYEC,Yes,0.6318129033619957
2150-WLKUW,No,0.08482475305294228
7159-FVYPK,Yes,0.5472387507041215
7032-LMBHI,No,0.05701032268115144
1150-WFARN,No,0.1799042414929451
6088-BXMRG,Yes,0.6151476468584445
3144-AUDBS,Yes,0.7232240614877722
4821-SJHJV,Yes,0.5171603283358088
7346-MEDWM,Yes,0.5921338652798753
1137-DGOWI,No,0.11606263013683521
5616-PRTNT,No,0.4083344970228768
3812-LRZIR,No,0.0634617293996033
4818-QIUFN,Yes,0.5833573692302401
9483-GCPWE,No,0.04229184809630795
4227-OJHAL,No,0.07939581978775377
9220-CXRSC,No,0.10338578308442589
4993-JCRGJ,No,0.4493630468447804
9537-JALFH,No,0.011931575976666725
6698-OXETB,No,0.03134526522012043
2103-ZRXFN,Yes,0.8286894176120815
3724-BSCVH,No,0.0378545683806038
4877-TSOFF,No,0.08698373111290018
9209-NWPGU,No,0.17320844297986726
6961-VCPMC,Yes,0.692857144838847
7306-YDSOI,No,0.027402950996301387
5288-AHOUP,Yes,0.7976216024395534
6688-UZPWD,Yes,0.9226706399027488
0655-YDGFJ,No,0.2478728625551709
8468-EHYJA,No,0.49535526995310464
6823-SIDFQ,No,0.010188139182931832
1097-FSPVW,No,0.27473677058721374
2839-RFSQE,No,0.25312172553720663
8328-SKJNO,No,0.07944643736232657
7010-ZMVBF,No,0.17670318848035502
5201-CBWYG,No,0.03601818182941994
0968-GSIKN,Yes,0.9064783580210674
1965-DDBWU,Yes,0.5693981549651589
9057-SIHCH,Yes,0.9433758582218162
6352-GIGGQ,No,0.22598302319606123
3635-QQRQD,No,0.027662380076834133
6771-XWBDM,Yes,0.7037879208517779
2897-DOVND,Yes,0.8171593599284243
3082-YVEKW,No,0.055372921144449264
0191-EQUUH,No,0.04894268978781633
7134-HBPBS,No,0.1530885572504064
3489-HHPFY,Yes,0.8476814041304204
2926-JEJJC,No,0.07156042756625795
8601-QACRS,Yes,0.6947023210984775
4950-BDEUX,No,0.46263959992281617
5789-LDFXO,No,0.1705078844259473
0508-OOLTO,Yes,0.7822058901933437
2984-TBYKU,No,0.04591997196247726
9822-WMWVG,No,0.4738726256166119
2391-SOORI,Yes,0.6182126971696988
9040-KZVWO,No,0.16446363698140656
2645-QTLMB,Yes,0.8881957403206783
4806-HIPDW,Yes,0.9211081416349154
1548-ARAGG,No,0.42003407250353353
6339-RZCBJ,No,0.03529253344158669
4424-TKOPW,Yes,0.9533341570104671
4415-WNGVR,No,0.2773453057197839
2522-AHJXR,No,0.37255007463699324
0412-UCCNP,No,0.10859390928451777
1816-FLZDK,Yes,0.6108305462171347
7096-UCLNH,Yes,0.5969173031228472
8443-ZRDBZ,Yes,0.8937354770508293
9136-ALYBR,Yes,0.8126592625897806
4615-PIVVU,No,0.14520276673338225
8885-QSQBX,Yes,0.523996430874028
7479-NITWS,Yes,0.8826736517660815
8617-ENBDS,Yes,0.7649926182111351
9385-NXKDA,No,0.02823151009930662
0430-IHCDJ,Yes,0.6451761417722072
2959-MJHIC,Yes,0.8928767060007186
6674-KVJHG,No,0.10722401033408764
1814-DKOLC,No,0.26746614810156577
4201-JMNGR,Yes,0.712131788076087
9351-HXDMR,No,0.14361895688460344
3537-HPKQT,Yes,0.5672093408453303
2129-ALKBS,No,0.1725849462597613
5821-MMEIL,No,0.01904212829971841
5960-WPXQM,Yes,0.9453395807386377
0684-AOSIH,Yes,0.8574675921399673
8260-NGFNY,Yes,0.7149658435068915
1309-XGFSN,No,0.24684382875677335
1866-RZZQS,Yes,0.8538954964270731
6968-URWQU,No,0.18623620740476818
4742-TXUEX,No,0.021178218949627098
9631-XEYKE,Yes,0.7610415149864375
8631-NBHFZ,No,0.2774097667264895
1335-MXCSE,No,0.10505507480827261
8873-TMKGR,No,0.009082863170821097
8800-JOOCF,Yes,0.7374220658151429
1469-LBJQJ,Yes,0.7170810424967969
4958-XCBDQ,Yes,0.8294883623271327
8337-UPOAQ,Yes,0.9121059204408284
0064-YIJGF,Yes,0.6374258430147868
2386-OWURY,No,0.46931880806664406
1725-IQNIY,No,0.3892623597167516
0310-VQXAM,No,0.2777881075064139
6598-RFFVI,No,0.08162525358711731
3453-RTHJQ,Yes,0.7481804041883036
6712-OAWRH,Yes,0.7153645739756269
6278-FEPBZ,No,0.257792655999238
4280-DLSHD,No,0.29232041834695904
1508-DFXCU,Yes,0.8059759803117539
8614-VGMMV,Yes,0.6192506595062982
7868-BGSZA,No,0.31504529304349965
2800-QQUSO,Yes,0.7030273099392333
2930-UOTMB,No,0.19381799953090112
7973-DZRKH,No,0.11923184047703798
5914-DVBWJ,Yes,0.7932620202358535
7698-YFGEZ,Yes,0.5993847471261814
2533-QVMSK,No,0.13717556337844472
9773-PEQBZ,Yes,0.6650075450459273
8644-XLFBW,Yes,0.9017682166012385
0650-BWOZN,Yes,0.667744629653839
8625-AZYZY,Yes,0.8397920588083752
7785-RDVIG,No,0.34247901214489695
9602-WCXPI,No,0.01204290305972014
2903-YYTBW,Yes,0.6812382416952951
3620-MWJNE,Yes,0.5711657582995192
8573-JGCZW,No,0.045042911358507354
6837-HAEVO,No,0.3818742025634584
6701-YVNQG,No,0.009120963830536954
9306-CPCBC,Yes,0.8684870688548703
4304-XUMGI,No,0.07061484511537806
9504-YAZWB,No,0.022101248191657992
8819-ZBYNA,No,0.22924356930527534
6174-NRBTZ,No,0.134597303727737
9481-IEBZY,No,0.3919166324189914
1833-VGRUM,Yes,0.9145017258986422
6137-NICCO,Yes,0.8449541580297943
9065-ZCPQX,No,0.005778353382378193
6402-EJMWF,Yes,0.5621582400960762
3620-EHIMZ,No,0.01792226418213195
6870-ECSHE,No,0.05862221276801371
8747-UDCOI,No,0.03947167357873867
8374-XGEJJ,Yes,0.7946882303195082
2656-TABEH,Yes,0.9471115198547122
6946-LMSQS,No,0.3206008136043806
4626-OZDTJ,No,0.1705520671073948
9169-BSVIN,No,0.4331944454613595
2325-ZUSFD,No,0.06553351595037578
8194-PEEBY,No,0.028375422683204962
6872-HXFNF,No,0.051286391472598634
3932-CMDTD,Yes,0.5670487692464299
7714-YXSMB,Yes,0.7119177118191071
8387-UGUSU,No,0.23372396381705102
1080-BWSYE,No,0.04120319515255423
4039-HEUNW,Yes,0.7779003590782497
1194-HVAIF,Yes,0.6183632617496868
0812-WUPTB,Yes,0.8673582475971513
3594-UVONA,No,0.2035837552836579
0004-TLHLJ,Yes,0.8141190216993068
1767-TGTKO,Yes,0.5843932600417633
8439-LTUGF,No,0.16776507347943767
8805-JNRAZ,Yes,0.6604111036078153
5089-IFSDP,No,0.4336898947639396
6418-HNFED,No,0.0236714209025398
0206-OYVOC,No,0.021534537340486496
7291-CDTMJ,Yes,0.5505330791776534
7128-GGCNO,Yes,0.5075432498913212
0237-YFUTL,No,0.474987609279756
7691-KGKGP,No,0.15203802491584145
6710-HSJRD,Yes,0.6006498479925241
3675-EQOZA,No,0.2842666031791886
0840-DCNZE,No,0.18296171240577558
1732-FEKLD,No,0.23579355076415978
9862-KJTYK,No,0.35183897890293636
0479-HMSWA,No,0.2757864874721169
5854-KSRBJ,No,0.00270877354290825
0365-BZUWY,Yes,0.8300252940981
4817-VYYWS,Yes,0.8115994022709154
5701-SVCWR,No,0.4765015361527898
3129-AAQOU,No,0.06157749673819481
4922-CVPDX,No,0.09113534944829423
1396-QWFBJ,Yes,0.6712154286841964
1357-BIJKI,No,0.46537772646963077
1099-BTKWT,No,0.2499455480605987
5299-SJCZT,Yes,0.926692086839173
2018-PZKMU,Yes,0.6281252780754228
7340-KEFQE,No,0.048874164869618486
4570-QHXHL,Yes,0.641909398035259
2403-BCASL,Yes,0.587181961396739
7392-YYPYJ,Yes,0.8237031045689952
2898-LSJGD,No,0.47545933524965805
2223-GDSHL,No,0.07064367425381872
7359-PTSXY,Yes,0.8399910377562612
9470-RTWDV,No,0.32496276475700825
2176-OSJUV,No,0.019406664781773806
9348-YVOMK,Yes,0.688762845124838
8104-OSKWT,Yes,0.537191471684226
4521-YEEHE,Yes,0.7933951296394444
4090-KPJIP,Yes,0.8674245027863076
3786-WOVKF,No,0.23430388587232828
4503-BDXBD,Yes,0.6268915992800759
6086-ESGRL,Yes,0.8944683994608641
2592-HODOV,No,0.028813834514410164
3886-CERTZ,Yes,0.5669357961251115
7995-ZHHNZ,No,0.10804643538812302
3824-RHKVR,No,0.23207627561316405
5816-SCGFC,No,0.39264806579131023
5989-AXPUC,No,0.12175232680115716
4979-HPRFL,No,0.029602203948248557
8590-OHDIW,No,0.024332049252682827
8015-IHCGW,No,0.05442625868132908
2332-TODQS,No,0.10332048281312972
9278-VZKCD,Yes,0.5004442280452515
8008-OTEZX,No,0.037213904085903284
2773-OVBPK,No,0.38499484079781054
5999-LCXAO,Yes,0.6196866124462599
5206-XZZQI,No,0.3975549793552984
4803-LBYPN,No,0.11996615213799094
5759-RCVCB,Yes,0.682765347717671
6372-RFVNS,Yes,0.9190531741328303
2139-FQHLM,No,0.44119653383912594
8261-GWDBQ,No,0.18578900203768392
1093-YSWCA,No,0.03237895486572519
8938-UMKPI,Yes,0.715568117410548
0991-BRRFB,Yes,0.6721027292112872
3882-IYOIJ,No,0.12168768601304904
8749-TZYEC,No,0.032856284255557464
1755-FZQEC,No,0.008221421565931324
3115-JPJDD,No,0.11932335954922259
5600-KTXFM,Yes,0.7426846420939499
3871-IKPYH,Yes,0.8993418194112808
6319-IEJWJ,Yes,0.7073968689743024
9025-AOMKI,Yes,0.935359354809269
6339-TBELP,No,0.11595144259164417
7964-YESJC,No,0.23252292260468316
6173-GOLSU,Yes,0.6415113919673516
5275-SQEIZ,Yes,0.8887680828284149
7716-YTYHG,No,0.4911944594055865
9938-ZREHM,No,0.15659181545192669
7950-XWOVN,No,0.4121341090235448
4390-KYULV,No,0.4030841002142133
4647-MUZON,Yes,0.6442182078082536
9702-AIUJO,No,0.1511049452757233
8849-PRIQJ,No,0.2430197797180649
8851-RAGOV,No,0.15044717242169414
1304-NECVQ,Yes,0.9158505340923007
5396-IZEPB,No,0.2481550536759153
1729-VLAZJ,No,0.0755004989472987
8285-ABVLB,No,0.01284147109112533
0701-TJSEF,No,0.3001908568485167
5712-VBOXD,No,0.2430813547368972
6629-LADHQ,Yes,0.5223004514617327
8945-GRKHX,Yes,0.928406257053708
1559-DTODC,No,0.4544630090966752
4797-MIWUM,No,0.22310874881876422
6959-UWKHF,Yes,0.7561387651609658
8720-RQSBJ,Yes,0.7515055883951068
4537-CIBHB,No,0.12171771613768946
3815-SLMEF,Yes,0.6479523756367034
5154-VEKBL,Yes,0.5625755754192137
4324-AHJKS,No,0.44189473177345395
4355-CVPVS,No,0.25186693505273083
4495-LHSSK,No,0.29761336060486515
5655-JSMZM,Yes,0.8540481850757554
5915-ANOEI,No,0.06237053244456807
9861-PDSZP,No,0.14008571153620197
4505-EXZHB,Yes,0.794641041257961
7225-CBZPL,Yes,0.8225057409996777
6704-UTUKK,No,0.4831260094232105
4587-VVTOX,Yes,0.9077653212127836
2019-HDCZY,No,0.2426769961920809
4652-NNHNY,Yes,0.7336905291431337
8788-DOXSU,No,0.16510195093488678
7404-JLKQG,Yes,0.6374484460489462
7421-ZLUPA,Yes,0.5452841171531387
8972-HJWNV,Yes,0.9244110976379262
3274-NSDWE,No,0.021535270825107533
2632-IVXVF,No,0.1391727452336575
3692-JHONH,No,0.4963116846057404
8915-NNTRC,No,0.05784763280726541
5914-GXMDA,No,0.02579518904154007
7463-IFMQU,No,0.012365443273035029
2920-RNCEZ,Yes,0.8125719094865724
2541-YGPKE,No,0.1431005815053718
8515-OCTJS,No,0.24939295981832021
5382-TEMLV,No,0.261395227797397
3441-CGZJH,No,0.0959431281306252
9592-ERDKV,No,0.20193906923705487
2860-RANUS,Yes,0.7783025942145806
5261-QSHQM,Yes,0.8042236663972863
4778-IZARL,No,0.18809690363837703
0432-CAJZV,Yes,0.7740586284819949
7008-LZVOZ,No,0.030561219934677707
8868-WOZGU,Yes,0.8218664065500867
1200-TUZHR,Yes,0.8742907710196629
9365-CSLBQ,No,0.015547533306137389
1334-FJSVR,Yes,0.8577608077804928
5884-FBCTL,No,0.0022409515851358175
7130-CTCUS,No,0.2927864024928705
6242-FEGFD,No,0.12599587192171785
7625-XCQRH,Yes,0.8149716876286404
6194-HBGQN,No,0.15200021724452864
7634-WSWDB,No,0.487172299153301
6986-IXNDM,Yes,0.794575890292019
1731-TVIUK,Yes,0.8471716913956018
2987-BJXIK,No,0.04788315780360817
9769-TSBZE,No,0.062281366954529446
0406-BPDVR,Yes,0.5629127697761191
0618-XWMSS,Yes,0.5803942195566008
1395-WSWXR,No,0.02007707875428256
6023-GSSXW,No,0.058012828290229856
6752-APNJL,No,0.19065583884390355
5276-KQWHG,Yes,0.8142551262512623
0420-HLGXF,Yes,0.7978785287933117
7446-KQISO,No,0.39416652197286434
9823-EALYC,No,0.031170562722723956
0582-AVCLN,No,0.009187948155908973
5803-NQJZO,No,0.01560501805197527
2565-JSLRY,Yes,0.5233371198418864
2607-DHDAK,No,0.0032256125430652114
1073-XXCZD,No,0.057998206950250944
0743-HRVFF,No,0.1948770889201734
4006-HKYHO,No,0.028249900948123803
3727-JEZTU,Yes,0.5592281119948463
8143-ETQTI,No,0.05096449177352383
6689-KXGBO,Yes,0.6879278717477788
9667-TKTVZ,Yes,0.7158240298995794
3657-COGMW,No,0.40580189374627934
8570-KLJYJ,No,0.03054418719976169
7754-IXRMC,Yes,0.7752364752351354
9473-CBZOP,No,0.05343007935505726
2969-WGHQO,No,0.19557050086297692
6615-NGGZJ,Yes,0.8718286242571339
4334-HOWRP,No,0.03465670261784361
4255-DDUOU,Yes,0.6683669093503624
5863-OOKCL,No,0.21122636243974913
1686-STUHN,No,0.03617726476289919
1329-VHWNP,Yes,0.5874937933196899
2984-MIIZL,Yes,0.829984043783399
0266-GMEAO,No,0.026357084706316605
5590-YRFJT,Yes,0.7021985716974345
5574-NXZIU,No,0.2833542824527486
0019-GFNTW,No,0.030838337013876407
4256-ZWTZI,No,0.48465408656756687
8309-PPCED,No,0.14387763212047408
4098-NAUKP,Yes,0.5102440147264977
5196-WPYOW,No,0.04942559835443192
4608-LCIMN,No,0.380190407664415
1485-YDHMM,No,0.31647478932877854
4054-CUMIA,No,0.23182436437871243
0603-TPMIB,No,0.011523094610229115
2525-GVKQU,No,0.05384334367525207
8161-QYMTT,Yes,0.9193253965614918
9581-GVBXT,No,0.07272699887623049
5862-BRIXZ,No,0.02933462787500055
5404-GGUKR,No,0.4622232685832782
3308-JSGML,No,0.04592343346336247
2126-GSEGL,No,0.02889240243384297
3677-TNKIO,Yes,0.7312581892046086
0440-QEXBZ,No,0.32703987186766204
2434-EEVDB,No,0.14382414127474202
6762-QVYJO,No,0.024777016837797674
6199-IWKGC,No,0.381059259385219
2675-DHUTR,Yes,0.6910173547006543
8152-VETUR,No,0.2144667713328033
9667-EQRXU,Yes,0.6386588945117826
7446-YPODE,No,0.3163633660116353
9522-BNTHX,Yes,0.5730860660367918
4676-WLUHT,No,0.05044308102427002
3329-WDIOK,Yes,0.7701205126553274
7980-MHFLQ,No,0.014712873060769622
2873-ZLIWT,Yes,0.7288703903490701
3415-TAILE,Yes,0.6941549353434647
0757-WCUUZ,No,0.0725287901289201
1629-DQQVB,No,0.36030100206653787
1915-IOFGU,Yes,0.9036290496369956
3045-XETSH,Yes,0.8817805956230134
0374-AACSZ,Yes,0.6017646146112487
7239-HZZCX,Yes,0.6076045003092104
4872-VXRIL,No,0.06901874285138011
9140-CZQZZ,No,0.0241666972364644
3423-HHXAO,No,0.13344798930995022
9938-TKDGL,No,0.13402661519028114
0531-ZZJWQ,Yes,0.6099646504115958
6537-QLGEX,Yes,0.7081117583564637
2688-BHGOG,Yes,0.798170635661621
7683-CBDKJ,No,0.4910303602078615
0946-CLJTI,Yes,0.7621339756942953
3160-TYXLT,No,0.2579786191839502
1325-USMEC,No,0.0909595621756981
0916-QOFDP,Yes,0.7773919475325942
0628-CNQRM,No,0.11926544334051702
5606-AMZBO,Yes,0.5602090090912463
6199-IPCAO,No,0.07645816732259515
7665-TOALD,Yes,0.9383527155020599
0112-QWPNC,No,0.39149484785437316
0324-BRPCJ,Yes,0.6995339137976725
2777-PHDEI,Yes,0.9362935346496711
5640-CAXOA,No,0.1673741811111812
2235-EZAIK,No,0.08454487671386787
3847-BAERP,No,0.14723528453988383
1196-AMORA,Yes,0.8120507087917626
4282-YMKNA,Yes,0.7986654896819404
1453-RZFON,Yes,0.5407099250820185
8263-OKETD,No,0.2764706333238541
0670-KDOMA,Yes,0.7394603930220015
2476-YGEFM,Yes,0.6782248584994819
8687-BAFGU,Yes,0.6887719464276937
0641-EVBOJ,Yes,0.5367709549489548
0829-XXPLX,Yes,0.5934945477408895
9974-JFBHQ,No,0.35464159404927226
5356-RHIPP,Yes,0.7084389086213481
6624-JDRDS,No,0.4591565780281511
0608-JDVEC,No,0.019352492625549472
9780-FKVVF,No,0.35559923523404857
1919-RTPQD,Yes,0.5571918933467533
5214-NLTIT,No,0.1318234980921887
3345-PBBFH,No,0.3476946122756345
5055-BRMNE,No,0.15361628831495955
9189-JWSHV,Yes,0.8001925844790279
2190-PHBHR,No,0.1254132457862088
2650-GYRYL,No,0.03569005596734792
0746-JTRFU,Yes,0.8755718145670628
5208-FVQKB,No,0.011500889383659197
7184-LRUUR,No,0.16634975946141997
6627-CFOSN,No,0.367637310064484
3982-JGSFD,No,0.008464321116808615
1574-DYCWE,No,0.005064705763237362
7247-XOZPB,No,0.08753224994933842
2466-FCCPT,No,0.139085429723142
6211-WWLTF,No,0.17491016936530893
4826-TZEVA,No,0.48415356857949127
6016-NXBNJ,No,0.010874724775816432
9138-EFSMO,No,0.2339340206295049
0576-WNXXC,Yes,0.747847376570671
4632-XJMEX,No,0.09846013446254141
8910-LEDAG,Yes,0.534775765660788
3452-GWUIN,Yes,0.7916303198085135
2716-GFZOR,No,0.4146771186072143
3724-UCSHY,No,0.24698722375632176
8626-XHBIE,No,0.045239459371649714
4628-CTTLA,Yes,0.6654277780635399
3192-LNKRK,Yes,0.51457053826737
4439-YRNVD,No,0.3085046860716168
2876-VBBBL,Yes,0.7394603930220015
6834-NXDCA,Yes,0.732090237440267
2208-UGTGR,Yes,0.5544138227420061
3005-TYFRD,Yes,0.6867243683615645
8670-MEFCP,No,0.09610490213249653
3079-BCHLN,No,0.04045003871298564
7777-UNYHB,No,0.2624000809906755
5597-GLBUC,Yes,0.9402707734909393
7278-CKDNC,Yes,0.7687744879098911
2748-MYRVK,No,0.3172693431750988
8450-UYIBU,Yes,0.5462693554150471
2969-VAPYH,No,0.09422954245493524
4822-YCXMX,Yes,0.8019834805861593
7181-OQCUT,Yes,0.5941915563712451
8474-UMLNT,No,0.2671729553860595
9821-POOTN,Yes,0.7333200648919299
3836-FZSDJ,No,0.008821832042844585
9142-XMYJH,No,0.1415528978034082
6559-ILWKJ,No,0.48663263702476833
0187-QSXOE,Yes,0.8928130623315157
7733-UDMTP,Yes,0.583874489363752
2649-HWLYB,No,0.047999112669811474
5214-CHIWJ,No,0.006200409967545254
4229-CZMLL,Yes,0.8578846285299133
6904-JLBGY,No,0.0881007549800106
2465-BLLEU,Yes,0.6633369974214451
1685-VAYJF,Yes,0.5314177461830223
8874-EJNSR,No,0.019814775350350936
6917-YACBP,No,0.38834317237384314
5049-MUBWG,No,0.1726749096399595
4223-WOZCM,Yes,0.7652973090997429
0769-MURVM,No,0.013803108264061625
9253-VIFJQ,No,0.2257922117765116
7030-FZTFM,No,0.11397702072146894
9741-YLNTD,Yes,0.6752479531953605
5917-RYRMG,No,0.01536006978734864
5120-ZBLAI,No,0.1311699582826414
1194-BHJYC,No,0.03381539890034592
3663-MITLP,Yes,0.8265277052059851
0906-QVPMS,No,0.09103694069897365
9025-ZRPVR,No,0.22214672408425284
1905-OEILC,Yes,0.5459760843448581
7858-GTZSP,Yes,0.8521927106247168
3285-UCQVC,Yes,0.5156826875587777
6248-BSHKG,No,0.026508904302315037
4685-TFLLS,No,0.09498336558509744
3470-BTGQO,No,0.28219155282479796
1209-VFFOC,No,0.009412443680603616
8224-DWCKX,Yes,0.7167556026348216
5482-PLVPE,Yes,0.8321918437868826
4553-DVPZG,Yes,0.6111209036303674
4902-OHLSK,Yes,0.745450770191367
6917-IAYHD,Yes,0.5324057934169975
0495-ZBNGW,Yes,0.8791085670525319
8620-RJPZN,Yes,0.5238503159372998
7572-KPVKK,No,0.3025705371728634
2642-MAWLJ,No,0.014839761119041674
2357-COQEK,Yes,0.7584235579972266
7103-ZGVNT,No,0.12765708416234126
3737-GCSPV,Yes,0.7799884563346429
2027-WKXMW,Yes,0.5301469474371654
7137-NAXML,No,0.06826506345753934
2428-ZMCTB,No,0.25050645509397707
2961-VNFKL,No,0.0347015220770253
1768-HNVGJ,No,0.3459553195096806
6963-KQYQB,No,0.005059436064309167
5934-RMPOV,Yes,0.6955610539361329
1207-BLKSA,No,0.015718403289647957
4088-YLDSU,Yes,0.6940780730182409
8316-BBQAY,No,0.042596172187077855
1166-PQLGG,No,0.004874941768812115
3146-JTQHR,No,0.10487638083514887
4291-YZODP,No,0.10535103262928297
4395-PZMSN,Yes,0.8211626925940765
6427-FEFIG,No,0.07747638147846705
0017-IUDMW,No,0.03127852303868726
8706-HRADD,No,0.40602576909993826
9955-QOPOY,No,0.2269691271842602
4385-ZKVNW,No,0.18557065779453044
5446-DKWYW,No,0.20187791531310526
2034-CGRHZ,Yes,0.8282440231442638
5797-APWZC,Yes,0.9491541644328343
3683-QKIUE,Yes,0.6871305835608993
4228-ZGYUW,Yes,0.9061460370963635
9031-ZVQPT,No,0.19155798028496387
2990-IAJSV,No,0.03071158709290619
8107-KNCIM,Yes,0.8254763989229164
9027-YFHQJ,No,0.2674938234047721
5176-LDKUH,No,0.2031564651095042
4644-OBGFZ,No,0.04875017837674831
7926-IJOOU,No,0.36824397718724144
6480-YAGIY,No,0.38479300726717786
4029-HPFVY,Yes,0.746237461715421
7602-DBTOU,No,0.015155563967666524
5345-BMKWB,No,0.37097485012447745
3519-ZKXGG,Yes,0.8877259328604702
5457-COLHT,No,0.022721817780098304
6416-TVAIH,Yes,0.9027046060079233
5451-YHYPW,No,0.025791142396256295
5108-ADXWO,Yes,0.6386746085380278
7998-WNZEM,No,0.014232170891625276
3066-RRJIO,Yes,0.9094318493748438
4664-NJCMS,No,0.03710826878293866
0307-BCOPK,No,0.027349406472076447
7629-WFGLW,No,0.27659813747335316
2542-HYGIQ,No,0.4213033833213979
6715-OFDBP,Yes,0.6801198853629044
5016-LIPDW,No,0.0497512479599876
6481-LXPWL,No,0.15951618993584188
1567-DSCIC,Yes,0.8890293803855508
2150-UWTFY,No,0.41271136763258126
6124-ACRHJ,Yes,0.5459951769912371
9362-MWODR,No,0.16246920863988437
9975-GPKZU,No,0.012447463862672006
9625-RZFUK,No,0.010449996881406807
5153-LXKDT,No,0.14497462782843265
5161-UBZXI,No,0.09270291580217066
1020-JPQOW,No,0.4477565857947045
7919-ZODZZ,No,0.31846915141984516
0565-JUPYD,No,0.23769766479219534
6867-ACCZI,No,0.05802324897508238
5939-XAIXZ,No,0.37714282647486036
9054-FOWNV,Yes,0.6890689187666922
2683-BPJSO,Yes,0.6459736639045641
2157-MXBJS,Yes,0.6378710069757139
8207-VVMYB,No,0.012076451211641394
9732-EQMWY,Yes,0.5705732813921915
9360-AHGNL,Yes,0.5969456558938783
1087-UDSIH,No,0.2772867285717079
5269-NRGDP,No,0.2592980142345695
6195-MELTI,No,0.18136542930379906
5485-WUYWF,Yes,0.6366389569345741
2121-JAFOM,No,0.028518598028555216
8818-DOPVL,Yes,0.7129941208453427
2632-UCGVD,Yes,0.6274516987831203
5445-PZWGX,No,0.2737636725459797
1227-UDMZR,No,0.016294365874244068
5198-HQAEN,No,0.37293223243265583
9170-CCKOU,Yes,0.6116909915772826
2167-FQSTQ,No,0.06626002573743191
2819-GWENI,No,0.026871663284708722
1043-YCUTE,No,0.24126625268103702
3814-MLAXC,Yes,0.5915549642977983
3572-UUHRS,No,0.04569863555326034
2692-PFYTJ,No,0.44709477439925865
1226-UDFZR,Yes,0.75024663299352
5955-EPOAZ,No,0.1851550023420292
6821-JPCDC,No,0.4271606762725932
8815-LMFLX,No,0.19222366529950996
9135-HSWOC,No,0.01897539329813994
8582-KRHPJ,No,0.254515108091705
5811-IWXYM,No,0.2763212233291345
7044-YAACC,Yes,0.804654991252002
8189-XRIKE,Yes,0.6239514836514211
1506-YJTYT,No,0.05910514120333947
4123-DVHPH,Yes,0.6325789833037206
6425-YQLLO,No,0.46919901519994106
5442-UTCVD,Yes,0.8611142931523549
2228-BZDEE,No,0.04345885078861547
7734-DBOAI,Yes,0.6952152252367622
2789-CZANW,No,0.19207263248104944
2091-RFFBA,Yes,0.7275815214981755
2114-MGINA,Yes,0.8483626957925947
7596-LDUXP,No,0.3205556659913172
3740-RLMVT,No,0.10193097465107517
4489-SNOJF,No,0.2797703489471439
2192-OZITF,No,0.04492360744078806
5651-CPDND,No,0.48913849781908797
2186-QZEYA,No,0.31943522315447165
1131-ALZWV,No,0.1519863604054396
7729-XBTWX,No,0.009640646906550724
9134-WYRVP,No,0.18871243242382654
3284-SVCRO,No,0.03337190160151535
9732-OUYRN,No,0.025380443965020996
0559-CKHUS,No,0.03479672128324742
2931-SVLTV,No,0.4022365988382024
6899-PPEEA,Yes,0.8357053801512639
7504-UWHNB,Yes,0.6508277229085616
2582-FFFZR,Yes,0.6618560207039126
8908-NMQTX,No,0.012908456916695916
2187-LZGPL,Yes,0.6627292430058256
1431-AIDJQ,No,0.0455510453305638
6288-LBEAR,No,0.40612103101760966
4597-NUCQV,Yes,0.8549533192556595
9019-QVLZD,Yes,0.9359814807305022
8413-YNHNV,No,0.02486220151676183
5808-TOTXO,No,0.11475727569386296
4369-NYSCF,No,0.2549396106583469
6333-YDVLT,No,0.4197601104360778
5324-KTGCG,No,0.07033200465049323
5599-HVLTW,Yes,0.768378361568042
7394-LWLYN,Yes,0.8111614036510428
3707-LRWZD,Yes,0.5013841593038663
6873-UDNLD,No,0.23927748483442973
2700-LUEVA,No,0.36370386620901163
1455-ESIQH,Yes,0.9139121611601888
0958-YHXGP,Yes,0.6857587602586828
1101-SSWAG,Yes,0.5325151958211154
2979-SXESE,Yes,0.7653836903715907
4013-TLDHQ,Yes,0.7323086516340978
5743-KHMNA,No,0.026392654256393464
4194-FJARJ,No,0.04185575675248599
5325-UWTWJ,No,0.24687425361941062
3969-GYXEL,Yes,0.5086287311721093
9208-OLGAQ,Yes,0.6938144265414646
3244-CQPHU,No,0.16723886344714844
2674-MLXMN,Yes,0.5857890853318517
9708-HPXWZ,Yes,0.5702506358285302
6992-TKNYO,No,0.14064810553774926
4468-YDOVK,No,0.4389011495224765
3754-DXMRT,Yes,0.8250800244120813
5792-JALQC,No,0.06333331397707727
7130-VTEWQ,Yes,0.8355796365608266
2200-DSAAL,No,0.1580784265014639
4302-ZYFEL,No,0.009330939432845471
9351-LZYGF,No,0.20388804810115163
4366-CTOUZ,No,0.18675717066124325
6121-VZNQB,Yes,0.5311813277787928
7903-CMPEY,Yes,0.7778898194611179
1518-OMDIK,No,0.2638117779909722
6671-NGWON,No,0.2914754213717343
0595-ITUDF,No,0.36051152889300553
6996-KNSML,Yes,0.9143679679206969
1955-IBMMB,No,0.03550711996184201
0096-BXERS,Yes,0.6303919670936919
3806-YAZOV,No,0.25881640230112013
7998-ZLXWN,No,0.2397538448025104
6253-WRFHY,No,0.4617326338910626
9133-AYJZG,Yes,0.7825024233038453
2675-OTVVJ,Yes,0.5843193698816396
8680-CGLTP,No,0.12121120206506358
8430-TWCBX,No,0.05772449885801127
5018-GWURO,Yes,0.598030571301057
6741-QRLUP,No,0.037760229900276714
4737-HOBAX,No,0.04043965575196298
0537-QYZZN,Yes,0.5688991899909627
3340-QBBFM,No,0.14683851845696783
1704-NRWYE,Yes,0.8459478963344325
2592-SEIFQ,Yes,0.7949221697053352
8200-KLNYW,No,0.2195777936275433
3372-CDXFJ,No,0.10421996260270608
4781-ZXYGU,Yes,0.5886103600757034
7632-YUTXB,No,0.026315764157381023
2718-YSKCS,No,0.013382817144436109
9896-UYMIE,No,0.432893148880669
0853-NWIFK,No,0.3524281658362845
8212-CRQXP,Yes,0.5618115009472856
6980-CDGFC,No,0.09103707543223091
7691-XVTZH,No,0.17201675364215266
7481-ATQQS,Yes,0.7357868624740845
2277-VWCNI,Yes,0.7880335916032608
1088-CNNKB,No,0.22955789785201894
8642-GVWRF,Yes,0.7975917827952638
1930-BZLHI,No,0.013509094356403201
3400-ESFUW,No,0.014848699840740807
5868-YTYKS,Yes,0.5220877524839933
3525-DVKFN,No,0.02397943181418545
1482-OXZSY,Yes,0.5603315540953795
0377-JBKKT,No,0.21068044890519144
5778-BVOFB,No,0.4861203316469076
3373-YZZYM,No,0.46116003542873685
2057-ZBLPD,Yes,0.7674196753749167
0228-MAUWC,No,0.32332592492375933
5502-RLUYV,Yes,0.7164379132062961
0023-HGHWL,Yes,0.90751307848005
7663-YJHSN,No,0.06833847621918186
4915-BFSXL,No,0.11293417735082105
3086-RUCRN,No,0.32202597500674707
5215-LNLDJ,Yes,0.554770886195601
7576-JMYWV,No,0.4864955389835197
9039-RBEEE,No,0.21573682609213388
0257-KXZGU,No,0.1653112725356415
1307-ATKGB,Yes,0.6215061018799626
8417-FMLZI,Yes,0.8062048315038205
3714-XPXBW,No,0.1635770810951847
1850-AKQEP,No,0.1446292643944054
2824-DXNKN,No,0.05047280548432621
5227-JSCFE,No,0.048612924642830985
0848-ZGQIJ,Yes,0.6704442320276227
3621-CHYVB,No,0.1581440198328817
8042-RNLKO,No,0.16809522886349162
1792-UXAFY,Yes,0.7886553848861524
5372-FBKBN,No,0.1256261713113563
0420-TXVSG,No,0.04297255545076759
6217-TOWGS,No,0.30323109748494326
0515-YPMCW,Yes,0.8915157376236049
0378-XSZPU,No,0.3099781559880671
1045-LTCYT,No,0.2857958949751419
1544-JJMYL,No,0.1187810468472104
4636-JGAAI,No,0.4817684982139733
6874-SGLHU,No,0.3718887148587519
5951-AOFIH,No,0.27399576882131316
4729-XKASR,Yes,0.7737828044798662
3059-NGMXB,No,0.22916827384999863
8652-YHIYU,No,0.3067539715066359
5278-PNYOX,No,0.14931197078793476
5449-FIBXJ,Yes,0.7234045723460061
3486-HOOGQ,No,0.05305544142061176
5061-PBXFW,No,0.1314291141954419
8630-FJLIB,Yes,0.6030053532535913
3891-NLXJB,No,0.03767577652051583
4749-OJKQU,Yes,0.878707622105971
0577-WHMEV,Yes,0.5641183525087877
5453-AXEPF,Yes,0.6657705278188668
3639-XJHKQ,No,0.30484040937200807
3716-LRGXK,No,0.16680424673866492
2263-SFSQZ,No,0.05978302403058729
9950-MTGYX,No,0.013101737726291954
3397-AVTKU,No,0.12881810592529203
4825-FUREZ,No,0.014862696707182134
9837-BMCLM,Yes,0.8954174433996162
2672-OJQZP,Yes,0.7414875517247687
0137-UDEUO,No,0.38870888717387525
3134-DSHVC,No,0.11968607901104977
6161-UUUTA,Yes,0.8991004134524081
7821-DPRQE,No,0.4065007667119065
6543-XRMYR,Yes,0.8241642644359217
2001-EWBQU,No,0.28508146328090106
4925-LMHOK,Yes,0.5261542589254057
1608-GMEWB,Yes,0.775515519125884
6695-AMZUF,No,0.017436019304940983
1455-UGQVH,Yes,0.9312986469492018
8410-BGQXN,No,0.27471548074662805
8280-MQRQN,Yes,0.7963931373239358
1619-YWUBB,No,0.028652814250659048
7611-YKYTC,No,0.47378284547802607
2037-SGXHH,Yes,0.6544585729446107
3178-FESZO,Yes,0.9238534719113459
0365-GXEZS,No,0.4376767373196841
0082-OQIQY,Yes,0.5902014012164705
6087-MVHJH,Yes,0.8397154186515752
4603-JANFB,Yes,0.936282676680293
3018-TFTSU,No,0.4586197072626995
3606-SBKRY,No,0.4090578510249842
4806-KEXQR,Yes,0.8659859845126228
0667-NSRGI,No,0.1328870642202152
7083-YNSKY,No,0.35785431037359394
6893-ODYYE,No,0.12209851725377371
8242-JSVBO,Yes,0.5725047652625791
2479-BRAMR,Yes,0.5936753801846227
9541-ZPSEA,No,0.07219322469380844
2665-NPTGL,Yes,0.7341673910415867
1139-WUOAH,No,0.08246650251452169
4693-VWVBO,No,0.42645402991092046
7434-SHXLS,Yes,0.6486502230143513
6937-GCDGQ,No,0.2162213281480799
0988-JRWWP,Yes,0.6585012797967772
5075-JSDKI,No,0.05650670714598337
7908-QCBCA,Yes,0.9001423210744101
8644-XYTSV,No,0.25197803668741653
6711-FLDFB,Yes,0.8448656349926564
3873-WOSBC,No,0.03893771386545109
7465-ZZRVX,Yes,0.9229952343426974
7975-JMZNT,No,0.03788056322499359
7251-XFOIL,No,0.4498037291634352
4116-IQRFR,No,0.08183403777996824
3714-JTVOV,Yes,0.6621713316407956
8259-DZLIZ,No,0.10378797359010163
0442-ZXKVS,No,0.37955791899786545
7853-WNZSY,No,0.4917305738504426
3120-FAZKD,No,0.03777955227406345
8606-OEGQZ,No,0.11885515690885907
0225-ZORZP,Yes,0.7073993979474498
4702-IOQDC,Yes,0.921414478584739
9489-JMTTN,No,0.0737853032174684
0575-CUQOV,No,0.3857322285094683
0967-BMLBD,No,0.16868909103260354
6178-KFNHS,Yes,0.6077068952293084
2830-LEWOA,No,0.2204920719923807
5006-MXVRN,No,0.014816070831636061
1264-BYWMS,Yes,0.7844427858719131
9658-WYUFB,Yes,0.7982908296239702
8327-WKMIE,No,0.010252713299605566
6917-FIJHC,No,0.029702267107799794
5329-KRDTM,No,0.08520801595723233
7797-EJMDP,No,0.3696638214912576
3530-VWVGU,No,0.18169781693492948
2013-SGDXK,Yes,0.8510740591760674
6368-NWMCE,No,0.22731383622214815
3633-CDBUW,No,0.28211483737337095
0707-HOVVN,No,0.060821758189381896
8580-QVLOC,No,0.2578297758683624
3956-MGXOG,Yes,0.6244207556535359
9274-UARKJ,Yes,0.763228418893775
4077-HWUYD,No,0.023632995104943197
2012-NWRPA,Yes,0.9462131702610362
8808-ELEHO,Yes,0.8439590088333999
0103-CSITQ,No,0.31440625843629566
3506-LCJDC,Yes,0.5732170189846876
8671-KKKOS,No,0.394301552001244
7305-ZWMAJ,No,0.02060785947507111
9518-XXBXE,Yes,0.5998989145500506
3934-HXCFZ,Yes,0.7651290761692291
6578-KRMAW,No,0.4836434545865328
4860-IJUDE,Yes,0.5241573190060201
7666-WKRON,No,0.2517550699978672
9688-YGXVR,Yes,0.5097617656207384
0423-UDIJQ,No,0.43644642562717245
1945-XISKS,No,0.015477798124487147
4910-AQFFX,Yes,0.8234402595007518
2154-KVJFF,Yes,0.8580767420919561
5360-LJCNJ,No,0.3425424289760356
2607-FBDFF,Yes,0.5806739460263723
9647-ERGBE,Yes,0.7935975650264292
3428-XZMAZ,Yes,0.9371246184376392
1100-DDVRV,No,0.48938158426851464
0378-TOVMS,Yes,0.8217961949420608
4355-HBJHH,No,0.32205926517360933
6728-WYQBC,No,0.4338358945165084
9058-CBREO,Yes,0.833824918332798
9029-FEGVJ,No,0.49124709619604373
7216-KAOID,No,0.035142392980085195
0318-QUUOB,Yes,0.9253401201699261
6145-NNPNO,Yes,0.6675070811843606
5520-FVEWJ,Yes,0.8397211668744002
5339-TJFEK,No,0.43529974698776625
5572-ZDXHY,Yes,0.6512304869890346
2074-GUHPQ,Yes,0.5901249430823498
4625-XMOYM,No,0.010348936855382644
5827-MWCZK,No,0.3529862247195358
1385-TQOZW,No,0.18806644076770745
5914-XRFQB,No,0.08932201240837391
4329-YPDDQ,Yes,0.5489270457856443
4804-NCPET,No,0.005163539862447478
3750-CKVKH,Yes,0.8208869298553099
5944-UGLLK,No,0.11817680058944746
8063-GBATB,Yes,0.812057623927321
7787-BNTZM,No,0.3440978430926255
2252-ISRNH,Yes,0.557542710839019
9415-TPKRV,No,0.3167752744355546
5322-TEUJK,No,0.11571832890781769
4547-KQRTM,Yes,0.8474291124784288
4877-EVATK,Yes,0.5993847471261814
1866-DIOQZ,No,0.11759206759790956
8375-KVTHK,No,0.4704379137147848
2697-NQBPF,Yes,0.6105489369942867
3709-OIJEA,No,0.2543157287336611
7639-SUPCW,Yes,0.5939736304783347
1386-ZIKUV,No,0.23206732819585538
0599-XNYDO,Yes,0.5608205908298827
6377-WHAOX,Yes,0.679726461085891
6855-VLGOS,No,0.013942849303683589
8999-XXGNS,No,0.2987489514448501
8746-OQQRW,No,0.257554699688728
3181-MIZBN,No,0.22432149912114702
0471-ARVMX,No,0.3742984133622343
7766-CLTIC,No,0.4712991219519864
5650-YLIBA,Yes,0.7252740835291454
0825-CPPQH,No,0.019519693868928854
9084-OAYKL,No,0.07054803896311963
6122-LJADA,No,0.014400638119871727
2400-XIWIO,No,0.03771713216454928
7524-VRLPL,No,0.11012561592299545
1069-XAIEM,Yes,0.9518188891170472
7569-NMZYQ,No,0.09261965688904507
5201-USSQZ,No,0.37041090212297734
2105-PHWON,Yes,0.5171885208915036
1494-EJZDW,No,0.03420474212955365
4884-TVUQF,No,0.13994088322237644
8003-EWNDZ,No,0.17558026374059651
1897-RCFUM,No,0.04849455083022112
9256-JTBNZ,No,0.3619831751144495
4658-HCOHW,Yes,0.715744969337654
2211-RMNHO,No,0.02252536636801908
2432-TFSMK,No,0.3018809668876611
3440-JPSCL,Yes,0.8657192762115077
4929-ROART,No,0.3054598315373729
1834-ABKHQ,No,0.0986456217330049
1741-WTPON,No,0.17842460903306287
3932-IJWDZ,Yes,0.65011179304211
1240-HCBOH,No,0.026813987051592512
3594-KADLU,Yes,0.6007016593627439
8065-BVEPF,No,0.43483800296098546
3796-ENZGF,No,0.0363014456769707
1734-ZMNTZ,No,0.06691956677095338
2853-CWQFQ,Yes,0.5270126574525508
0813-TAXXS,No,0.1056383838855884
2519-TWKFS,No,0.17729556114847117
2889-FPWRM,No,0.49764797518504084
0626-QXNGV,No,0.020810605731793136
6723-CEGQI,No,0.08472407201484093
6987-XQSJT,Yes,0.7463603579377154
4732-RRJZC,No,0.2053549144037781
9499-XPZXM,No,0.042722894790208334
4338-EYCER,No,0.2921440077641584
3007-FDPEA,No,0.23859554401406166
6350-XFYGW,Yes,0.8888849270498834
4290-BSXUX,Yes,0.8342817782604987
8513-OLYGY,No,0.08620794029888904
0311-QYWSS,Yes,0.6241724162261757
8705-DWKTI,No,0.4562657289805651
8755-IWJHN,No,0.4179808479882607
0325-XBFAC,Yes,0.8706396671332346
4480-QQRHC,Yes,0.7298626666314609
0929-PECLO,No,0.4683527073765199
3680-CTHUH,No,0.43971073321141946
1202-KKGFU,No,0.3240729927593636
6112-KTHFQ,No,0.19569172016085687
1852-XEMDW,No,0.22885231952215676
2462-XIIJB,Yes,0.9082113341500749
4760-XOHVN,Yes,0.5890752528934278
1820-DJFPH,No,0.007547010890191371
9426-SXNHE,No,0.29508506638387594
9068-FHQHD,No,0.010442981999230485
1269-FOYWN,No,0.026123546768194807
9470-YFUYI,No,0.11430532743093555
7817-BOQPW,Yes,0.8915329305082448
7402-EYFXX,Yes,0.8285029101405328
1853-UDXBW,Yes,0.9012479864103914
9895-VFOXH,Yes,0.7016325096473245
5458-CQJTA,No,0.024374118684234038
1230-QAJDW,Yes,0.5712126978996905
5701-ZIKJE,No,0.45504440839040144
5219-YIPTK,Yes,0.7628215738595665
5032-MIYKT,Yes,0.888336789348083
7396-VJUZB,Yes,0.6104465477773123
9717-QEBGU,Yes,0.8217474153513376
5172-RKOCB,No,0.10331486528278182
6509-TSGWN,No,0.17993007496200428
3540-RZJYU,Yes,0.68660763458804
3178-CIFOT,No,0.01516316782213128
2091-MJTFX,No,0.28607453678263883
4530-NDRKU,No,0.0665660016143744
5985-TBABQ,No,0.12704970225238296
9800-ONTFE,Yes,0.6385965833802298
6743-HHQPF,No,0.383960608865809
8455-HIRAQ,No,0.48759822472839703
6616-AALSR,No,0.20852407772585288
0883-EIBTI,No,0.42421348929832803
9415-ZNBSX,No,0.007864199383165897
4018-KJYUY,No,0.10728104966380149
0722-TROQR,Yes,0.8854299723005745
7571-YXDAD,Yes,0.8624496775300232
3884-UEBXB,No,0.04883462342646017
8780-RSYYU,No,0.13771518858692358
5537-UXXVS,No,0.29490138443612784
1791-PQHBB,Yes,0.505140672711481
8701-DGLVH,No,0.033405285505661624
8741-LQOBK,No,0.24907509064504646
3393-FMZPV,Yes,0.8426718356620768
8082-GHXOP,No,0.3525521227714158
6402-ZFPPI,Yes,0.7722235811312105
0980-FEXWF,No,0.12480022389007767
7486-KSRVI,Yes,0.629855438417811
3011-WQKSZ,No,0.3379210345385987
8443-WVPSS,Yes,0.8201297703313183
3006-XIMLN,Yes,0.9206347961583364
8218-FFJDS,No,0.017032463758033148
1986-PHGZF,No,0.4192562770482789
9965-YOKZB,Yes,0.9007969513015811
0504-HHAPI,Yes,0.7124283042548327
9360-OMDZZ,Yes,0.8097502079850489
6305-YLBMM,Yes,0.5935511521712491
0345-XMMUG,No,0.23910583253954026
8024-XNAFQ,No,0.09640813713225851
3647-GMGDH,Yes,0.6796210259795092
2988-GBIVW,No,0.3943314684655731
2832-SCUCO,No,0.39039002187873006
7036-ZZKBD,No,0.23630159085091057
3791-LGQCY,Yes,0.7063922406735846
0265-PSUAE,Yes,0.5919597330029999
0463-TXOAK,No,0.052338107331723976
0594-UFTUL,No,0.23737621307168588
9509-MPYOD,No,0.01506327264138661
9128-CPXKI,No,0.3689018901589149
0129-KPTWJ,Yes,0.5251133040021797
8166-ZZTFS,No,0.0817843234894366
5855-EIBDE,No,0.13896928803158254
5365-LLFYV,Yes,0.7676948891514116
5956-YHHRX,Yes,0.8497765069117257
6008-NAIXK,Yes,0.5164745492307772
2956-GGUCQ,Yes,0.61058710537455
1928-BXYIV,Yes,0.5466768366637251
5760-FXFVO,Yes,0.6497985031331583
6595-COKXZ,Yes,0.747534008700763
0961-ZWLVI,No,0.3788927828946764
5181-OABFK,No,0.033252329633355726
4007-NHVHI,No,0.4713056443833711
7816-VGHTO,No,0.1580545308611903
5871-DGTXZ,No,0.0038120763349719904
7550-WIQVA,No,0.3864779769505584
7544-ZVIKX,No,0.37564198308466545
0016-QLJIS,No,0.019651651210192852
7508-DQAKK,No,0.03630017863839996
5176-OLSKT,No,0.03699333415041906
9356-AXGMP,Yes,0.5454923614134977
3556-BVQGL,No,0.03915169386630493
0362-ZBZWJ,Yes,0.7981131608199289
8979-CAMGB,No,0.41164181927210874
4211-MMAZN,No,0.47883359126537367
7581-EBBOU,No,0.11856830736799899
4274-OWWYO,Yes,0.8999245442334857
5073-RZGBK,No,0.0950169761722471
1541-ETJZO,Yes,0.5552393166076912
2192-CKRLV,No,0.20678923584255682
3154-HMWUU,No,0.017789841493902704
6119-SPUDB,No,0.05889062816909716
6522-OIQSX,No,0.12887092387799762
7813-ZGGAW,No,0.48919412490006325
8748-HFWBO,No,0.01887686128393551
1052-QJIBV,No,0.001184143251088202
1319-YLZJG,Yes,0.56786378968329
4106-HADHQ,No,0.426310778311662
0723-FDLAY,No,0.22960354875997963
3050-RLLXC,No,0.08220045026702001
9298-WGMRW,No,0.07224883997560277
2369-UAPKZ,Yes,0.8230088098469387
3088-LHEFH,Yes,0.5321467429233167
2778-OCLGR,Yes,0.5543908067180086
6583-KQJLK,Yes,0.7877103305718394
8544-JNBOX,No,0.028122407713196206
6681-ZSEXG,No,0.06437250821465236
6139-ZZRBQ,No,0.028977243942170085
6116-RFVHN,Yes,0.7471394228457763
0637-KVDLV,Yes,0.903480045561288
8884-FEEWR,No,0.051635582475123565
3125-RAHBV,No,0.02106050608825386
6633-MPWBS,Yes,0.682317191801629
0373-AIVNJ,No,0.17124962261862348
8785-EPNCG,No,0.3931014063943343
1682-VCOIO,No,0.009676423749681485
5729-KLZAR,Yes,0.8726745416317511
2072-ZVJJX,No,0.015553530418253076
8849-AYPTR,Yes,0.6035761593258717
9518-IMLHK,No,0.11597856589843092
1582-RAFML,Yes,0.6689738050187843
3646-ITDGM,No,0.06337278361613699
8740-CRYFY,Yes,0.9453395807386377
3569-VLDHH,No,0.0900054024754463
8224-KDLKN,No,0.005497701185692944
7594-LZNWR,Yes,0.5305485617297235
4001-TSBTV,No,0.48517858781160433
2962-XPMCQ,Yes,0.8263364697571368
8727-XDPUD,No,0.15728920182707873
1043-UXOVO,No,0.09265825000091132
1064-FBXNK,No,0.17461284439949312
3996-ZNWYK,No,0.009089485765292915
2878-DHMIN,No,0.021231061215761068
7762-ONLJY,No,0.1815728530453128
1678-FYZOW,Yes,0.8987844230191017
5795-BKOYE,No,0.05986963004109399
8627-EHGIP,Yes,0.5645656589759727
7402-PWYJJ,No,0.30300038381408384
5480-TBGPH,Yes,0.709269007444831
0018-NYROU,Yes,0.7578975864651941
7501-VTYLJ,Yes,0.5652808173749827
7608-RGIRO,No,0.023866090565604264
0480-BIXDE,Yes,0.6937934951729868
5895-QSXOD,Yes,0.5533043436188266
9814-AOUDH,No,0.06538897534913023
6175-IRFIT,Yes,0.7297664137006702
8760-ZRHKE,No,0.14159323743651486
1622-HSHSF,Yes,0.6420655498343484
8854-CCVSQ,Yes,0.821308328344051
6749-UTDVX,No,0.3104839936517322
5542-DHSXL,No,0.3179299404981357
9102-OXKFY,No,0.12286500999249801
0511-JTEOY,Yes,0.919031735911238
5216-WASFJ,Yes,0.7765676338043728
7808-DVWEP,No,0.4127822457233354
7067-KSAZT,No,0.44739806013091565
2284-VFLKH,No,0.3584486454587765
0366-NQSHS,No,0.25752776368557834
6532-YLWSI,No,0.21758414523348713
3807-BPOMJ,No,0.3313029593859144
3892-NXAZG,No,0.025667094424489587
4948-WBBKL,Yes,0.6075765594916334
4182-BGSIQ,No,0.2592067791260038
9300-AGZNL,Yes,0.9660562093845929
0988-AADSA,No,0.024314355871268654
9972-NKTFD,No,0.12969487167789132
3717-LNXKW,No,0.4296078725607679
5734-EJKXG,No,0.3668162184845555
2207-RYYRL,No,0.024289826434248245
6729-FZWSY,No,0.03836264989544539
9695-IDRZR,No,0.16548843864275856
8144-DGHXP,No,0.08487301807020999
7814-LEEVE,Yes,0.6000040599046739
1112-CUNAO,Yes,0.7161546768363105
5175-AOBHI,Yes,0.7665069301080043
5174-RNGBH,No,0.4834837538389398
8631-WUXGY,Yes,0.6159864946978312
7270-BDIOA,Yes,0.800989825674846
9565-JSNFM,No,0.15189485349816986
5906-DVAPM,No,0.06699627484655905
6654-QGBZZ,Yes,0.5462331958719994
8348-JLBUG,No,0.16830998711254075
0607-DAAHE,No,0.2461205088344782
5641-DMBFJ,No,0.10133371875227383
9200-NLNPD,No,0.17738465288561564
2664-XJZNO,No,0.10100639009135234
9732-KPKBW,Yes,0.650309705959852
3339-EAQNV,No,0.252371280152559
0921-OHLVP,Yes,0.6365226899114917
3389-YGYAI,Yes,0.9140729416528299
9560-ARGQJ,Yes,0.7424643574104275
8350-NYMVI,No,0.20676523085761425
1600-DILPE,Yes,0.5475254693121127
0536-ESJEP,No,0.03661331230085345
4654-GGUII,No,0.09325610359791264
6478-HRRCZ,No,0.11876747270625593
8510-BBWMU,No,0.011871275918367325
6857-TKDJV,No,0.008987636749361226
2360-RDGRO,No,0.48016625392530043
0584-BJQGZ,No,0.1429777979368639
5134-IKDAY,Yes,0.913020350942728
1360-XFJMR,No,0.3270219888040878
3070-DVEYC,Yes,0.7916363982467347
5730-RIITO,No,0.4229933266362831
9058-MJLZC,Yes,0.6764383948769165
5707-ORNDZ,Yes,0.669429022883483
0902-XKXPN,No,0.007691213164875342
5177-RVZNU,No,0.099364696048153
0056-EPFBG,No,0.07019390342917028
8993-IZEUX,Yes,0.6092240931255818
8696-JKZNU,Yes,0.7390504621254609
5380-AFSSK,Yes,0.9223908651383479
8190-ZTQFB,No,0.44001833488900394
0931-MHTEM,No,0.3779636485285557
2055-PDADH,Yes,0.8084118062732525
7515-LODFU,No,0.019661753195830484
0440-UEDAI,No,0.19982766520056075
1337-BOZWO,No,0.2275410198635542
0868-VJRDR,No,0.14617605945581083
8714-EUHJO,Yes,0.6031508169797706
6344-SFJVH,No,0.4636643581140961
3950-VPYJB,No,0.05875745097823958
8041-TMEID,No,0.2043894418428986
7321-ZNSLA,No,0.034734982605014834
6941-KXRRV,No,0.18624037915360928
3721-CNEYS,Yes,0.8228385169990596
8727-JQFHV,No,0.006628597016722115
9475-NNDGC,No,0.39427465328477684
1355-KUSBG,Yes,0.5436019506579398
3688-FTHLT,Yes,0.5473791490951951
0899-LIIBW,Yes,0.6251351952975664
2568-OIADY,Yes,0.7870751135060031
1384-RCUXW,Yes,0.6386943941227954
5825-XJOCM,No,0.0635530553078615
6848-YLDFR,No,0.19179292105951398
8125-QPFJD,No,0.01976855275968491
2320-YKQBO,No,0.28451080595537104
1193-RTSLK,Yes,0.6358419234813295
2302-ANTDP,Yes,0.6075076271368711
5923-GXUOC,Yes,0.7917528238605821
4973-RLZVI,No,0.317078788649719
7869-ZYDST,No,0.24723825327489363
4501-UYKBC,No,0.16031782353674498
1215-EXRMO,No,0.02407272293790267
2305-MRGLV,No,0.32119004095231063
8404-VIOMB,No,0.015150008241521276
5233-GEEAX,Yes,0.8366012900587488
2359-KLTEK,No,0.4799328808718906
5304-EFJLP,No,0.21509994565144208
2673-ZALNP,No,0.05087242872945835
9184-GALIL,No,0.16636752171802321
4393-RYCRE,No,0.49904632893008904
9746-MDMBK,No,0.3121415180191089
3162-ZJZFU,No,0.38573061693252964
8404-GFGCZ,Yes,0.5528262243493837
8875-AKBYH,Yes,0.7887150441207876
4432-ADRLB,Yes,0.7795909224740569
0533-UCAAU,No,0.10707861213879331
1394-SUIUH,No,0.36442135708105494
3521-MNKLV,No,0.33876581154936236
2533-TIBIX,No,0.375350741444815
8993-PHFWD,Yes,0.7620783590188301
1565-RHDJD,Yes,0.8505317473870307
7137-RYLPP,Yes,0.7670734190636073
3765-JXVKY,Yes,0.9055181374619058
5092-STPKP,No,0.23041732881452331
7330-WZLNC,Yes,0.9124598641617163
0114-PEGZZ,Yes,0.6028733281874565
3359-DSRKA,No,0.021483396074648116
8639-NHQEI,No,0.06743833148183963
7161-DFHUF,No,0.007235297675448977
3957-LXOLK,Yes,0.7948059587447331
3720-DBRWL,No,0.02465848239380297
6635-MYYYZ,No,0.41786338602553513
8565-WUXZU,No,0.05439532847332809
5281-BUZGT,Yes,0.6484474768914067
4994-OBRSZ,No,0.060111686144099105
0562-FGDCR,No,0.043191648110077856
2436-QBZFP,No,0.42415594601928064
3420-YJLQT,Yes,0.7627958700595362
6040-CGACY,No,0.25898215647985356
6582-PLFUU,No,0.023511619675591924
8242-PDSGJ,No,0.08478881535104899
0264-CNITK,No,0.003635363230629925
0089-IIQKO,Yes,0.5826176984998473
7839-NUIAA,No,0.22255569720904347
6075-QMNRR,No,0.2666986753627577
5378-IKEEG,Yes,0.8918853238221985
5966-EMAZU,No,0.34804762078023616
0440-EKDCF,No,0.05378675829748659
4774-HHGGS,No,0.03694320460637708
2718-GAXQD,Yes,0.735026017019538
2055-BFOCC,No,0.15504157478479322
8180-AKMJV,Yes,0.7284592646545955
4298-OYIFC,Yes,0.7803813805475641
5566-SOEZD,No,0.1651848229568142
9842-EFSYY,Yes,0.5382741112347962
2272-WUSPA,No,0.08141591632280494
4584-LBNMK,No,0.08130349815664084
3898-GUYTS,No,0.4548687959294841
0930-EHUZA,No,0.19897015045422414
6413-XKKPU,Yes,0.7690697354220232
9975-SKRNR,No,0.3463655363952903
3703-KBKZP,Yes,0.6745037543713177
1449-XQEMT,No,0.3524708678883626
2626-URJFX,Yes,0.7277179459967527
4973-MGTON,No,0.007048285116134857
3682-YEUWS,No,0.24151746669396695
1223-UNPKS,No,0.006292180258698145
2612-RRIDN,Yes,0.8860220807819613
4735-ASGMA,Yes,0.8468619130137309
3446-QDSZF,Yes,0.5854683809697151
3669-LVWZB,Yes,0.7317067374533865
6892-EZDTG,Yes,0.929207996274848
5117-IFGPS,Yes,0.7791173417010705
7379-FNIUJ,Yes,0.6268432806073799
1627-AFWVJ,No,0.018129165082399805
9725-SCPZG,Yes,0.8601032707459834
5884-GCYMI,Yes,0.895045295445058
3217-FZDMN,Yes,0.8760693813906519
4486-EFAEB,No,0.15005233286912867
0060-FUALY,No,0.4132016338994833
7853-GVUDZ,Yes,0.6375564766642521
7480-QNVZJ,Yes,0.8546125984203724
6954-OOYZZ,No,0.3435436646885368
7088-FBAWU,No,0.2710562812122197
8313-AFGBW,No,0.16701554576400007
3943-KDREE,Yes,0.6710172777411464
9239-ZBZZV,Yes,0.8397275935550457
3097-IDVPU,No,0.30281994579039684
4398-HSCJH,Yes,0.7115596269564971
2197-OMWGI,No,0.2800503780512656
2303-PJYHN,No,0.39797316823033
9795-VOWON,No,0.4078312876637573
1237-WIYYZ,No,0.230449358300101
1987-AUELQ,No,0.01162244641918807
7852-LECYP,Yes,0.5559983572865631
4430-UZIPO,Yes,0.7350507599481453
4822-LPTYJ,No,0.35792200963295484
8165-CBKXO,No,0.11124852263014619
6527-PZFPV,No,0.010356981439962474
4855-SNKMY,Yes,0.7444654361367875
9593-CVZKR,No,0.0490966705082847
8595-SIZNC,No,0.12465972995031395
8008-HAWED,Yes,0.7575479731486077
7124-UGSUR,No,0.41305213836510923
1862-SKORY,Yes,0.6559332322158291
5236-XMZJY,No,0.20556398867288628
4827-DPADN,No,0.020020344211635163
2694-CIUMO,Yes,0.6364570369207098
5846-ABOBJ,No,0.009191774099461312
1439-LCGVL,No,0.028675879779373664
0909-SDHNU,No,0.45438983610033945
4647-XXZAM,No,0.4432317228845842
1502-XFCVR,Yes,0.5722489387633108
7740-KKCXF,No,0.3723852143697321
5360-XGYAZ,No,0.0030248975325112373
9692-TUSXH,Yes,0.7937734758871838
7912-SYRQT,Yes,0.8144068680560644
3557-HTYWR,No,0.03112505472018828
4816-JBHOV,Yes,0.8298173105113448
8920-NAVAY,Yes,0.5238557795636207
1699-TLDLZ,No,0.01849181635161431
5600-PDUJF,Yes,0.5403470212489306
8292-TYSPY,No,0.48494394422443504
0567-XRHCU,No,0.061721706625499355
1867-BDVFH,Yes,0.7979298193294848
2067-QYTCF,Yes,0.5381592092314628
2359-QWQUL,Yes,0.5928505136637374
9103-TCIHJ,No,0.39428449307367364
7407-SUJIZ,No,0.11575630207768531
9150-KPBJQ,No,0.0573240814059302
0052-DCKON,No,0.4835031665421411
3654-ARMGP,No,0.021954096468839824
9699-UBQFS,Yes,0.5103264917295168
9367-TCUYN,No,0.2515661854857393
1261-FWTTE,Yes,0.532143305589091
3528-HFRIQ,No,0.4083195418023882
0708-SJDIS,No,0.21635529808658327
4140-WJAWW,No,0.3750940480794128
2073-QBVBI,No,0.3394611112323277
6928-ONTRW,No,0.002198584115153126
3320-VEOYC,Yes,0.8729467895981111
5231-FIQPA,No,0.007060718495936472
6617-WLBQC,No,0.20122464255486996
2599-CIPQE,No,0.09540015087674657
6653-CBBOM,Yes,0.9228960724351736
8774-GSBUN,No,0.016327546652678528
7326-RIGQZ,Yes,0.7804038911465849
1401-FTHFQ,No,0.013675523771013035
3247-ZVOUO,Yes,0.8614790815916717
0254-FNMCI,No,0.1394890321264315
1848-LBZHY,No,0.41680203320764225
6101-IMRMM,Yes,0.8425442520215275
8118-TJAFG,Yes,0.7081697416376593
5429-LWCMV,Yes,0.844488881450175
7298-IZWLY,Yes,0.6079092767220219
9758-MFWGD,No,0.3302145917837305
3955-JBZZM,Yes,0.6249260195958294
1268-ASBGA,Yes,0.8507443207398763
8943-URTMR,Yes,0.8828500477257846
4815-TUMEQ,No,0.03936637378766085
4713-LZDRV,Yes,0.8970087289972589
9909-IDLEK,No,0.4146771415204714
4092-OFQZS,No,0.014800573749961072
1561-BWHIN,No,0.021243727222230023
4325-NFSKC,Yes,0.7783800081954022
9927-DSWDF,Yes,0.537909154154787
9500-LTVBP,Yes,0.5163139902678926
7252-NTGSS,Yes,0.7817015107062996
8149-AIQCG,Yes,0.5840542396735622
1360-JYXKQ,No,0.41755379157683875
2955-PSXOE,Yes,0.6575591268901336
7762-URZQH,No,0.4296487053008105
0899-WZRSD,No,0.3983416408197125
3255-GRXMG,No,0.3784898318694315
4828-FAZPK,Yes,0.6540914361057797
6094-ZIVKX,No,0.10577824607717431
6925-BAYGL,No,0.07486656680886322
3262-EIDHV,No,0.053647364428657765
7354-OIJLX,Yes,0.802135714005386
1376-HHBDV,No,0.32495570925045664
6907-NZZIJ,Yes,0.8117294210821235
6133-OZILE,Yes,0.5033335332729324
4135-FRWKJ,No,0.1576626831213511
2911-UREFD,Yes,0.5725973198385738
3744-ZRRDZ,Yes,0.7999117104378151
5673-TIYIB,Yes,0.7410976712938756
6551-ZCOTS,No,0.13131017008482648
7191-ADRGF,No,0.16502068343421591
5018-LXQQG,No,0.12157028628260187
6892-BOGQE,No,0.012622416517690263
1602-IJQQE,Yes,0.8610296219293223
4628-WQCQQ,Yes,0.6063196419436233
1746-TGTWV,Yes,0.8206593950234508
5995-SNNEW,Yes,0.8120375817315669
8050-WYBND,No,0.42093838529474187
2821-WARNZ,No,0.0383054533900847
4879-GZLFH,Yes,0.5782623777641231
1644-IRKSF,Yes,0.6482776334371712
8314-HTWVE,No,0.04626820763425773
9402-ROUMJ,No,0.28599184508497727
2507-QZPQS,Yes,0.6004747550833686
7159-NOKYQ,No,0.19323068386126196
5707-ZMDJP,No,0.025561843042470625
8779-YIQQA,No,0.022126019533093757
7136-IHZJA,No,0.13546420367848802
8966-OIQHG,No,0.10511924847475833
7074-STDCN,No,0.31118851058575026
3705-PSNGL,No,0.03651535621709672
8739-QOTTN,No,0.33743633910809273
1399-OUPJN,No,0.01795948170515345
0277-BKSQP,Yes,0.5446891845198966
6502-HCJTI,Yes,0.7444103936329368
2606-RMDHZ,Yes,0.5901851075337972
5774-XZTQC,No,0.25501524675766113
2676-SSLTO,No,0.051562520243564225
6266-QHOJZ,No,0.18448895548386615
7269-JISCY,No,0.07741016114822168
0363-SVHYR,No,0.017505231394189375
8547-NSBBO,No,0.24727422807744268
8258-GSTJK,Yes,0.9019476834412761
6861-OKBCE,No,0.3408253247813535
9940-RHLFB,Yes,0.8776306166874416
6591-QGOYB,No,0.4578260226831082
9070-BCKQP,No,0.07730665291919007
6421-SZVEM,No,0.23973254839910543
1328-EUZHC,No,0.021588452412286716
2995-UPRYS,No,0.32675049005304413
8878-RYUKI,No,0.3935770576276075
9633-DENPU,No,0.24578259478114106
7811-JIVPF,No,0.29888667363090166
7113-HIPFI,No,0.029213300791505612
8541-QVFKM,Yes,0.7528709377963833
6686-YPGHK,Yes,0.5772310077101163
1383-EZRWL,No,0.3199370298975154
9258-CNWAC,No,0.05059367445764361
5371-VYLSX,Yes,0.5478211003474422
6374-AFWOX,No,0.04354450741941643
4759-TRPLW,Yes,0.8948245359899999
5317-FLPJF,No,0.01196776818864163
7621-VPNET,Yes,0.5365235151159462
6034-YMTOB,Yes,0.6716218727300556
8563-IIOXK,No,0.4709427663622564
4903-CNOZC,No,0.18248809865939822
4353-HYOJD,No,0.23352246152577083
8020-BWHYL,Yes,0.7777067172831204
7267-FRMJW,No,0.0077924238327395055
2982-VPSGI,Yes,0.9234381658734292
4188-FRABG,No,0.45934057490252167
8199-ZLLSA,Yes,0.5422097475397905
4128-ETESU,Yes,0.6546191091597771
0620-DLSLK,Yes,0.766029855754964
4625-EWPTF,Yes,0.7123420406327176
5980-NOPLP,Yes,0.7980565236484328
3850-OKINF,No,0.1680159157449192
6892-XPFPU,Yes,0.8406157067171198
8010-EZLOU,Yes,0.8417980725319326
1156-ZFYDO,Yes,0.5437938974600609
3295-YVUSR,Yes,0.8102301917093689
8016-NCFVO,No,0.49454424867604
4119-ZYPZY,No,0.2702573773676692
5549-ZGHFB,No,0.022014391521863817
7577-SWIFR,Yes,0.9055088615721074
0303-WMMRN,No,0.2521824943725395
6408-OTUBZ,No,0.21179083570757265
5204-HMGYF,No,0.11740155004717621
1078-TDCRN,Yes,0.6644978267048725
3727-OVPRY,No,0.031563912667743214
3797-FKOGQ,Yes,0.7207527513444887
7622-NXQZR,No,0.37460320233271105
6196-HBOBZ,No,0.1948997501906038
3970-XGJDU,No,0.043071642088469246
7017-VFULY,No,0.38218111148240697
5562-YJQGT,No,0.27926160992372967
8807-OPMBM,No,0.05002155039959829
5439-WIKXB,Yes,0.5929706437749019
9874-QLCLH,Yes,0.8439762611234265
8294-UIMBA,No,0.2528434173834436
8109-YUOHE,No,0.09893864088464731
5840-NVDCG,No,0.04960952440104539
8092-NLTGF,No,0.027429491568740978
5928-QLDHB,Yes,0.8108245529703282
9840-EFJQB,Yes,0.7637902014301676
0696-UKTOX,No,0.19817423111360508
4801-KFYKL,No,0.2528346225658486
3472-OAOOR,No,0.3137714092849473
6135-OZQVA,Yes,0.5240015862363185
8062-YBDOE,Yes,0.9252562581186857
2252-JHJGE,No,0.32420347341571093
4188-PCPIG,No,0.06715029521429004
6000-APYLU,Yes,0.7842371072533455
7105-BENQF,No,0.19727856774344954
7721-DVEKZ,Yes,0.5542493675599095
3566-VVORZ,No,0.34572649534551425
9507-HSMMZ,No,0.06299312304108239
2480-SQIOB,Yes,0.6527940309675526
0947-IDHRQ,Yes,0.8518524337970383
7813-TKCVO,No,0.028909696435892876
0128-MKWSG,No,0.30125354057031006
3672-YITQD,Yes,0.7768770646487253
4350-ZTLPI,No,0.3159470044037266
9048-JVYVF,Yes,0.5716255072842544
0361-HJRDX,No,0.03543031689862166
5727-MYATE,No,0.02187463619124828
3823-KYNQY,No,0.16730496103525946
8988-ECPJR,Yes,0.5171925202476053
7570-WELNY,No,0.05473245006206748
3021-VLNRJ,No,0.08441197112899669
3776-EKTKM,Yes,0.909915721895476
2080-CAZNM,Yes,0.7689368245595748
1028-FFNJK,Yes,0.6560693242690672
6907-FLBER,Yes,0.6524165522477787
3001-UNBTL,Yes,0.7634713203241956
5982-PSMKW,No,0.0814799303722402
3507-GASNP,No,0.04783515171382995
7096-ZNBZI,No,0.016409382838777558
1902-XBTFB,Yes,0.6416309740484153
1676-MQAOA,No,0.03801150805831788
0786-IVLAW,No,0.29129616844124234
7566-DSRLQ,No,0.13596939815920298
0643-OKLRP,Yes,0.6366485434248729
7245-JMTTQ,Yes,0.5638484479278386
6050-IJRHS,No,0.2866835866558533
6202-JVYEU,No,0.06421445520935828
8591-TKMZH,No,0.15901960769515683
0734-OXWBT,No,0.43917458444226665
4282-ACRXS,Yes,0.513308759992637
0365-TRTPY,No,0.38175042044970214
7349-ALMUX,No,0.024132662138514022
9381-NDKME,Yes,0.6377726261752574
6502-KUGLL,No,0.22057026067350904
1841-YSJGV,No,0.09217833741156005
2794-XIMMO,No,0.4758122720553967
8382-SHQEH,Yes,0.9073896670567833
3511-BFTJW,No,0.049573428387531246
7668-XCFYV,Yes,0.7951074298632316
2983-ZANRP,Yes,0.8286668398905295
7845-URHJN,No,0.4501569427313675
3034-ZBEQN,No,0.4621032093304997
5018-HEKFO,No,0.1955864837594707
3976-NLDEZ,No,0.4680666639657811
2282-YGNOR,No,0.09308654133854816
5336-UFNZP,No,0.30638274879843713
6854-EXGSF,No,0.32555906822462444
1241-EZFMJ,No,0.02079162565634832
9233-PSYHO,No,0.42405291998224937
5376-PCKNB,No,0.23945070308588423
8044-BGWPI,No,0.2167868814546756
4060-LDNLU,Yes,0.9004974300434607
3589-PPVKW,Yes,0.5876491632495665
8327-LZKAS,Yes,0.6862472291703197
5887-IKKYO,No,0.22345246045376846
1075-BGWOH,Yes,0.8760156875175897
1755-RMCXH,No,0.26980718968227996
0302-JOIVN,Yes,0.8475978453976941
3858-XHYJO,No,0.34913523670094243
4299-SIMNS,Yes,0.551515104333457
7025-IWFHT,No,0.3298267655001835
6261-LHRTG,No,0.2634648131242586
7841-FCRQD,No,0.1250145855600102
2056-EVGZL,No,0.24848939854315616
8777-MBMTS,No,0.12248338918723051
7753-USQYQ,No,0.19186598806042035
5366-IJEQJ,Yes,0.7905236722814161
7661-CPURM,No,0.24878163875189893
6233-HXJMX,Yes,0.6860837299597171
5902-WBLSE,No,0.005348754422593202
1981-INRFU,Yes,0.9117949726634276
4971-PUYQO,Yes,0.7878023563447106
3239-TPHPZ,No,0.04504193490067559
5115-GZDEL,No,0.014327274963045072
3338-CVVEH,Yes,0.759648350370554
8485-GJCDN,Yes,0.7671037578556152
2615-YVMYX,No,0.4013038759193628
2851-STERV,No,0.3303704237605579
4393-GEADV,No,0.11312507462601926
8486-AYEQH,Yes,0.7238652078361653
1527-SXDPN,No,0.40951952910774125
6029-WTIPC,Yes,0.8376275051656362
8634-CILSZ,Yes,0.5595818671331141
5419-JKZNQ,Yes,0.5099857474123913
2495-KZNFB,Yes,0.5362387674810962
1409-PHXTF,No,0.2707368673499708
4560-WQAQW,No,0.07196556926524898
9591-YVTEB,No,0.439180957956266
9309-BZGNT,No,0.1780405808203244
4274-DRSQT,No,0.17062453636040759
2027-DNKIV,No,0.05731565796405725
8075-GXIUB,No,0.08496779503352021
2885-HIJDH,No,0.04970052506282706
5424-RLQLC,No,0.3289482010417999
6682-QJDGB,No,0.22808992243790333
6507-DTJZV,No,0.40373649839618264
8780-IXSTS,Yes,0.9062875702390765
7673-BQGKU,No,0.007749912276054546
6723-WSNTY,No,0.3241359500399598
9530-EHPOH,Yes,0.681708119449763
2725-IWWBA,No,0.04938891128076996
0345-HKJVM,Yes,0.9116740208164762
1061-PNTHC,No,0.36793153172959864
0394-YONDK,No,0.01305275301110852
6574-MCOEH,No,0.2369345439420428
7399-QHBJS,No,0.057970426979324814
3049-SOLAY,Yes,0.9471156718226376
0997-YTLNY,No,0.27867124824743866
3317-HRTNN,Yes,0.8513354596647947
9479-HYNYL,No,0.01131776344052559
3235-ETOOB,Yes,0.7144592995994217
9708-KFDBY,No,0.36252337669718954
8058-INTPH,Yes,0.9481343769188015
3642-GKTCT,No,0.2779360974027051
0774-RMNUW,No,0.01242418870191225
1334-PDUKM,No,0.17608322028489062
0756-MPZRL,No,0.14363309290570533
2242-MFOTG,No,0.1079105408054778
2927-CVULT,No,0.21670142809168175
2144-BFDSO,Yes,0.5052978392278981
8745-PVESG,No,0.04252613729991261
7647-GYYKX,No,0.023991343365136513
5647-FXOTP,Yes,0.6565992162908362
5569-OUICF,Yes,0.7163054280579675
8821-XNHVZ,Yes,0.860038102332206
2082-OJVTK,Yes,0.7330853802596403
9700-ISPUP,No,0.362295874977882
9839-ETQOE,No,0.2941684540086949
6078-VESFR,Yes,0.5819226567389114
9027-TMATR,No,0.10127327269325116
5940-NFXKV,Yes,0.8073703563768105
1941-HOSAM,Yes,0.8156076560227732
9110-HSGTV,No,0.03160070705053718
0704-VCUMB,No,0.00839372835766831
6171-ZTVYB,No,0.12897117584592047
8053-WWDRO,No,0.42783434182371094
9564-KCLHR,Yes,0.6150303739059226
1935-IMVBB,No,0.4717400302114085
2535-PBCGC,No,0.02328515888021549
2082-CEFLT,Yes,0.832374228177861
1470-PSXNM,No,0.36455979850545217
1213-NGCUN,Yes,0.6885352583190751
2498-XLDZR,No,0.03715891987254277
9866-OCCKE,No,0.08543747271280096
5338-YHWYT,No,0.04019008405602034
7718-UPSKJ,No,0.40122998730900844
8731-WBBMB,No,0.16216867241230554
1448-CYWKC,No,0.32321385808437536
7901-IIDQV,No,0.11820228845249986
2690-DVRVK,No,0.07248523830440376
5688-KZTSN,No,0.3495222814909477
1270-XKUCC,No,0.00962915852661706
0334-ZFJSR,No,0.04673516894210222
2894-QOJRX,Yes,0.5920069317703002
5747-PMBSQ,Yes,0.872914532511079
5583-EJXRD,No,0.024644602941812456
4565-EVZMJ,No,0.056350646189661
3143-JQEGI,Yes,0.7586057135380033
6386-SZZKH,No,0.42595243557739426
3327-YBAKM,No,0.26536410147445094
9441-QHEVC,No,0.3606671914143102
6705-LNMDD,No,0.31226884731699633
2580-ASVVY,No,0.15339526274809256
3370-GQEAL,Yes,0.6630059301670774
5032-USPKF,No,0.19367773464390262
2982-IHMFT,Yes,0.9241513588743576
3521-SYVOR,Yes,0.5593550886467756
4254-QPEDE,No,0.032907935851761244
6283-GITPX,No,0.060890436088589454
9526-JAWYF,Yes,0.6690322549738066
0771-CHWSK,No,0.05093347599809308
9788-HNGUT,No,0.08387514508058301
9495-REDIY,No,0.1443677407193479
5375-XLDOF,No,0.20442581876853946
1172-VIYBP,No,0.02214261462160622
5649-VUKMC,Yes,0.6447219180104489
6559-PDZLR,Yes,0.607621060079213
8992-OBVDG,No,0.26596343990766796
4273-MBHYA,Yes,0.8567465665007645
4724-WXVWF,No,0.4916343008110771
5701-GUXDC,No,0.15056954027373717
1460-UZPRJ,No,0.028446997320769815
6082-GLJIX,No,0.1717064572699505
5143-EGQFK,Yes,0.7629756765304003
4919-IKATY,Yes,0.5995029360495655
2495-TTHBQ,No,0.10899870390840143
0485-ZBSLN,No,0.009810269870666195
3810-PJUHR,No,0.00270877354290825
9050-QLROH,Yes,0.6961914998820375
0847-HGRML,No,0.08114012724371097
8232-CTLKO,No,0.1036982825736944
9227-YBAXE,No,0.03374152941483515
6168-WFVVF,Yes,0.8173972511180778
9860-LISIZ,No,0.12968201238089846
0112-QAWRZ,Yes,0.6310307349580099
0877-SDMBN,Yes,0.5532838478561847
2786-GCDPI,Yes,0.6234970359570521
4043-MKDTV,No,0.22802722376760973
8065-YKXKD,Yes,0.8242547160578636
9637-EIHEQ,Yes,0.7468284104009641
9229-RQABD,No,0.0919960478284653
8313-KTIHG,No,0.4981640055479692
5320-BRKGK,No,0.061774296146591974
6284-KMNUF,No,0.31442681948298756
9689-PTNPG,Yes,0.9080507865319615
9465-RWMXL,Yes,0.6819174527462459
6229-UOLQL,No,0.061216793225347545
2362-IBOOY,Yes,0.7934539190553473
3137-LUPIX,Yes,0.6314884817233081
0843-WTBXE,Yes,0.6054254138748114
6143-JQKEA,Yes,0.5797534725751267
8676-OOQEJ,Yes,0.5475428471943544
5515-IDEJJ,Yes,0.6229290244474532
9701-CDXHR,No,0.4106823933428437
7450-NWRTR,Yes,0.8976071589243132
8124-NZVGJ,No,0.3908973954609648
2162-FRZAA,No,0.05532032344710459
5376-DEQCP,Yes,0.9170330975610164
5118-MUEYH,Yes,0.5234007447455893
9095-HFAFX,Yes,0.8552147523782836
5627-TVBPP,No,0.040448210313688095
2379-ENZGV,Yes,0.8750526654310236
3936-QQFLL,No,0.289131025900892
2589-AYCRP,No,0.05861077261463703
4067-HLYQI,Yes,0.5749993317427095
5124-EOGYE,No,0.01628692528118222
5057-RKGLH,No,0.028987765228903284
0292-WEGCH,No,0.2516169952979943
8910-ICHIU,No,0.21295659431271333
4097-YODCF,No,0.3048063349650192
9715-WZCLW,No,0.19078451864851176
9786-YWNHU,No,0.02970343099545683
6407-GSJNL,No,0.051306651692296916
6005-OBZPH,Yes,0.7977730205973358
4049-ZPALD,No,0.22550972762388086
7932-WPTDS,Yes,0.8587434020866442
3733-UOCWF,No,0.09137531473607041
6833-JMZYP,Yes,0.7894611949237995
2722-VOJQL,Yes,0.5779199075669117
1310-QRITU,Yes,0.5136653720381729
8961-QDZZJ,No,0.3522738862986051
9715-SBVSU,No,0.07736705918721441
8490-BXHEO,Yes,0.713057942162121
7173-TETGO,No,0.07099774911804987
7929-SKFGK,No,0.15775743812309054
2300-RQGOI,No,0.00952808421033074
3563-SVYLG,No,0.041336807445526064
5228-EXCET,Yes,0.7705863390032801
6435-VWCCY,No,0.12849935644996627
4998-IKFSE,Yes,0.6357935576038032
8630-QSGXK,No,0.03980465432041714
2455-USLMV,No,0.4214243980383294
7394-FKDNK,Yes,0.8740154447102664
9488-FVZCC,No,0.019317463139174776
6331-LWDTQ,Yes,0.5593962909742447
5995-WWKKG,No,0.021523465906719906
1597-FZREH,Yes,0.6873987816910234
7879-CGSFV,No,0.3444854721333761
9921-EZKBY,No,0.43666477880855187
7432-FFVAR,No,0.21120235036656806
7246-ZGQDF,Yes,0.5958105907831405
7000-WCEVQ,Yes,0.5624026884213141
0727-IWKVK,Yes,0.8412413575555262
5959-BELXA,Yes,0.8103626208658161
4456-RHSNB,No,0.3428948993399896
3512-IZIKN,No,0.2850725288215865
2481-SBOYW,No,0.02955586609922611
7109-MFBYV,No,0.35944262229977403
1833-TCXKK,Yes,0.7063928242313047
1832-PEUTS,No,0.11037504498315914
6141-OOXUQ,Yes,0.6118839370642462
8660-BUETV,Yes,0.7287516964391509
0580-PIQHM,No,0.21036376730755316
5696-CEIQJ,No,0.23421576564243277
7503-ZGUZJ,Yes,0.9091073842891532
1696-HXOWK,No,0.13276151756494567
3026-ATZYV,No,0.15901864740660338
4012-YCFAI,No,0.01414780203243987
2506-TNFCO,Yes,0.9140384710937688
9970-QBCDA,No,0.336701797133719
8718-PTMEZ,Yes,0.6192996394197203
9496-IVVRP,No,0.2721606953681772
2207-OBZNX,Yes,0.5252944927200908
2657-VPXTA,Yes,0.7638553362355299
6551-VLJMV,No,0.013792093205812827
1221-GHZEP,No,0.05316827441127196
9289-LBQVU,No,0.2281032234560929
6142-VSJQO,Yes,0.7611148618301149
3458-IDMFK,No,0.019053116345376445
6933-FHBZC,No,0.16321954429351668
0221-NAUXK,No,0.1010083839624029
9770-KXGQU,No,0.17705606001826663
6437-UKHMV,Yes,0.8705400768182209
6538-POCHL,No,0.4974661609376587
6726-NNFWD,No,0.11405663533045342
3002-WQZWT,Yes,0.6953772579665289
4277-UDIEF,No,0.19740799012613952
1208-NBVFH,Yes,0.5117387094373558
4912-PIGUY,Yes,0.9100298125518606
1114-CENIM,No,0.4472080261854984
6060-DRTNL,Yes,0.8850408964160905
2725-TTRIQ,No,0.02083667074224741
3374-TTZTK,No,0.26267196662585485
8990-ZXLSU,Yes,0.6578210164210889
2275-RBYQS,Yes,0.7720597950680108
8473-VUVJN,Yes,0.911663627547476
6289-CPNLD,No,0.4255862305237033
5536-SLHPM,Yes,0.6953994968545525
4419-UJMUS,No,0.21670353115819752
7794-JASDG,Yes,0.6485133651256962
7609-YBPXG,No,0.03345106388931349
5519-TEEUH,No,0.042428657846595046
7856-GANIL,No,0.1848417877810598
0804-XBFBV,Yes,0.5493343145014679
2676-OXPPQ,No,0.3536462065575187
3703-TTEPD,No,0.2189383475476481
2799-TSLAG,No,0.009440810163845811
0196-VULGZ,Yes,0.9252264343899292
8837-VVWLQ,Yes,0.7627129241232781
2696-NARTR,Yes,0.7136580946690185
2208-NKVVH,No,0.017896189497684695
7614-QVWQL,Yes,0.5127995975759232
1976-CFOCS,Yes,0.8151479895926906
4631-OACRM,Yes,0.7796562094428829
7139-JZFVG,No,0.03214959643531073
4987-GQWPO,No,0.42465555052392195
3755-JBMNH,Yes,0.7066882727166837
1757-TCATG,No,0.028265520440780723
6345-ULYRW,No,0.2633420501611836
4776-XSKYQ,No,0.20775742477383655
8048-DSDFQ,Yes,0.5624230883563897
5753-QQWPW,No,0.09660977306612735
6010-DDPPW,No,0.013852850146144235
1809-DMJHQ,Yes,0.5914884435346112
6693-FRIRW,Yes,0.6144492057417487
6586-MYGKD,No,0.043745997586167706
3173-NVMPX,No,0.24359012566828675
0248-PGHBZ,No,0.15276779431279944
0623-GDISB,Yes,0.6072730925205473
2892-GESUL,No,0.021289186991618192
6923-EFPNL,Yes,0.7729117956700723
7472-EQOAV,No,0.11502857109238286
9574-RKJIF,Yes,0.6558208323274335
2043-WVTQJ,Yes,0.5631937763645315
8034-RYTVV,No,0.12581818947090073
3863-QSTYI,No,0.2557489359404413
2619-WFQWU,Yes,0.9022269391833356
5044-LRQAQ,Yes,0.6813887326469623
1716-LSAMB,No,0.026526384237281132
1333-PBMXB,No,0.0557026271213185
6546-OPBBH,No,0.027660485260718026
5985-BEHZK,No,0.2801482962562178
9127-QRZMH,No,0.05924256853930699
5919-VCZYM,No,0.2544396763265841
9644-KVCNC,No,0.2131415781367011
2137-DQMEV,No,0.0851375941990101
8174-LNWMW,No,0.03795509466749568
9279-CJEOJ,Yes,0.7928821204281238
7964-VEXDG,No,0.483032673580711
2404-JIBFC,No,0.028027811204746005
0778-NELLA,Yes,0.6218115649537957
8029-XYPWT,No,0.07972758191203783
4614-NUVZD,Yes,0.9349575863981153
4632-PAOYU,No,0.009814278504269117
3803-KMQFW,Yes,0.635315606313467
6804-GDMOI,Yes,0.5210041842459343
2990-OGYTD,No,0.012727601142950058
6646-JPPHA,No,0.4692263978481176
9572-MTILT,Yes,0.5079402114257066
7658-UYUQS,No,0.44952807392312866
7880-XSOJX,Yes,0.5537522294405076
9611-CTWIH,Yes,0.9064721153343228
4589-IUAJB,No,0.010194280365125472
0329-GTIAJ,Yes,0.869339570578005
8746-BFOAJ,No,0.0691083839144663
8457-XIGKN,No,0.17258441438167035
6072-NUQCB,No,0.04019084152614913
6629-CZTTH,Yes,0.7439486975340893
8838-GPHZP,No,0.021605038353291556
8750-QWZAJ,No,0.004115827063021965
5364-EVNIB,Yes,0.80001035369514
6918-UMQCG,Yes,0.8507339109918527
0675-NCDYU,No,0.03127852303868726
6339-DKLMK,Yes,0.5588532953236836
1346-PJWTK,No,0.26609681827704756
5088-QZLRL,No,0.43347104731825786
8023-QHAIO,No,0.3810322991692727
4397-FRLTA,No,0.31568286162425996
3057-VJJQE,No,0.03385287138703895
5087-SUURX,Yes,0.7383471799976659
2302-OUZXB,No,0.07057980539349916
8133-ANHHJ,No,0.21805354979715924
2270-CHBFN,No,0.33007189031730183
0013-EXCHZ,Yes,0.8470980668902498
5982-FPVQN,Yes,0.5885571429986756
9107-UKCKY,No,0.31843401274351874
4654-ULTTN,No,0.07053936817934436
5550-VFRLC,Yes,0.9322138757651556
5546-BYZSM,No,0.13754419862140715
1492-KGETH,No,0.18516260771592452
4929-BSTRX,Yes,0.7937405990478964
4163-HFTUK,No,0.059914329209030004
8215-NGSPE,No,0.00283341324623056
2225-ZRGSG,No,0.30900693357623565
8859-YSTWS,No,0.041171274849075186
5271-YNWVR,No,0.09259106882188976
7601-DHFWZ,No,0.07611378402139686
2657-ALMWY,Yes,0.6782768054111646
6330-JKLPC,Yes,0.8375847031243473
4667-OHGKG,Yes,0.5541552961017903
1998-VHJHK,No,0.008071780793971719
1707-HABPF,No,0.22674578862926592
1660-HSOOQ,Yes,0.8031388178934596
7253-UVNDW,No,0.32181861958732605
0487-VVUVK,No,0.27337418044051065
7228-OMTPN,Yes,0.8912015911819479
5063-IUOKK,No,0.034814896730866275
4508-OEBEY,No,0.19305745055180162
0027-KWYKW,Yes,0.6779766905624137
2308-STERM,No,0.3155331242986767
5982-XMDEX,No,0.016861372973139072
6284-AHOOQ,Yes,0.5535203486693452
6051-PTVNS,No,0.035235597317756315
2344-JMOGN,Yes,0.8671423195499608
3799-ISUZQ,Yes,0.7787622950262375
2877-VDUER,No,0.15624040832607222
9152-AMKAK,No,0.1403271965284459
1794-HBQTJ,Yes,0.6810081722389115
9432-VOFYX,Yes,0.6414553318166102
8049-WJCLQ,No,0.3431511228814147
6586-PSJOX,No,0.2065506936283707
2460-FPSYH,Yes,0.6052466301961867
9705-ZJBCG,No,0.08109061472123966
4818-DRBQT,Yes,0.6296794884618817
1320-HTRDR,Yes,0.8732579964873382
6847-KJLTS,Yes,0.6118094064932996
9670-BPNXF,No,0.10119475764222494
3913-FCUUW,No,0.03489458844847061
3301-VKTGC,No,0.13952355416287082
1493-AMTIE,Yes,0.608889640122567
9555-SAHUZ,No,0.24476673351212894
0816-TSPHQ,No,0.24560481235428416
9932-WBWIK,No,0.25042639132240124
4619-EVPHY,No,0.31186772619186853
5286-YHCVC,No,0.37257051228253524
6424-ELEYH,Yes,0.8954432727079025
4391-RESHN,Yes,0.7545144808800773
9115-YQHGA,No,0.30500802296008567
4462-CYWMH,No,0.4809363585632124
8963-MQVYN,No,0.18023892414282602
2458-EOMRE,No,0.31532980845278863
9334-GWGOW,Yes,0.8621076971015589
6821-BUXUX,Yes,0.7909785077494403
5028-HTLJB,Yes,0.6161959856088509
9801-GDWGV,Yes,0.7730769326533754
6542-LWGXJ,Yes,0.7420328350432329
5567-GZKQY,No,0.03642227927824526
1222-LRYKO,No,0.1809683999752153
2320-JRSDE,Yes,0.6363013751007204
2087-QAREY,No,0.21198108300533472
0601-WZHJF,Yes,0.6861548968962714
4423-JWZJN,No,0.2441430300512694
5143-WMWOG,Yes,0.591091333819768
6490-FGZAT,No,0.24256630134326174
5393-RXQSZ,Yes,0.9174682056693094
7452-FOLON,No,0.13681936612258855
2320-TZRRH,No,0.015703849198918995
0231-LXVAP,Yes,0.7930694121775885
9444-JTXHZ,Yes,0.8923026897326467
4942-VZZOM,No,0.08218211671524671
5510-BOIUJ,Yes,0.5224090147181552
7502-BNYGS,No,0.2735413921295833
4291-HYEBC,No,0.34438699589381555
6147-CBCRA,No,0.19691523236810052
6047-SUHPR,No,0.20967933499510513
4471-KXAUH,Yes,0.7119160459996743
9752-ZNQUT,Yes,0.6534328996869093
7638-QVMVY,Yes,0.877531855873685
1576-PFZIW,No,0.14385740881423628
5666-MBJPT,No,0.024167400302937996
7312-XSBAT,Yes,0.6689303963709968
3096-GKWEB,Yes,0.7995520211599525
2371-JQHZZ,Yes,0.7794647830382484
0674-GCDXG,No,0.042264082725999436
1121-QSIVB,No,0.2440431436297601
4396-KLSEH,No,0.28297233900130103
3244-DCJWY,Yes,0.9183945815051264
2824-MYYBN,Yes,0.7567925193262899
0875-CABNR,Yes,0.7958508693757332
6345-HOVES,No,0.4174593515500729
8318-LCNBW,No,0.1745559984833553
6469-QJKZW,No,0.34871375753151257
0147-ESWWR,Yes,0.6280484830608513
1217-VASWC,No,0.34351083444035696
7812-FZHPE,No,0.3215028306581339
6370-ZVHDV,No,0.010993265041170422
5915-DGNVC,No,0.17782240109304084
6260-XLACS,No,0.04637592427898568
3566-CAAYU,No,0.12640068237983057
4983-CCWMC,Yes,0.7200818856719323
9103-CXVOK,Yes,0.5170261585415871
2896-TBNBE,No,0.24335155101844533
4797-AXPXK,Yes,0.7045395475072049
5229-PRWKT,Yes,0.8942874243743901
6982-UQZLY,Yes,0.6892528905050308
2522-WLNSF,No,0.07702339024097861
3841-CONLJ,Yes,0.8378824421518909
5057-LCOUI,Yes,0.6122275454578157
0193-ESZXP,Yes,0.5488469123986688
4475-NVTLU,No,0.019763000469455665
4369-HTUIF,Yes,0.7568071137925474
9386-LDCZR,No,0.12253105302126957
9585-KKMFD,No,0.012910964740487661
5399-ZIMKF,Yes,0.8016030000176263
0336-KXKFK,No,0.0359020096629426
5619-XZZKR,No,0.03606181939861489
3948-FVVRP,No,0.21965188509511274
5327-XOKKY,No,0.1419500356159458
0983-TATYJ,No,0.08800777092735391
1813-JYWTO,No,0.058613467996168456
0156-FVPTA,Yes,0.5768229346284839
1984-FCOWB,Yes,0.6073651811248285
0654-HMSHN,Yes,0.7845100304898011
6719-OXYBR,Yes,0.6396411949111199
3312-ZWLGF,Yes,0.5711993862681325
6476-YHMGA,No,0.23309275670572868
5287-QWLKY,Yes,0.5060690255487655
0795-XCCTE,No,0.021179156939185095
0168-XZKBB,Yes,0.7844362321023735
3785-NRHYR,Yes,0.6118839370642462
5196-SGOAK,Yes,0.9071822404957649
4537-DKTAL,Yes,0.723343927975725
7072-MBHEV,Yes,0.7362554835524131
5602-BVFMK,No,0.0301381657897457
6297-NOOPG,No,0.18666584693848526
1891-UAWWU,Yes,0.7264528815518979
8204-TIFGJ,No,0.1615049721566528
8050-DVOJX,No,0.07935185028231503
6108-OQZDQ,Yes,0.9170517306901587
0363-QJVFX,No,0.4479193564635914
8903-XEBGX,Yes,0.680342677364235
8169-SAEJD,No,0.09750158071886764
9840-DVNDC,Yes,0.8252470631128015
1089-XZWHH,No,0.04939786512286356
2325-WINES,No,0.4549028565190913
6064-ZATLR,No,0.05662063291885976
3096-JRDSO,Yes,0.7222818749630301
7824-PANSQ,No,0.31393631453553555
8042-JVNFH,Yes,0.8767913384222363
9648-BCHKM,No,0.1271422650602949
2888-ADFAO,No,0.013100860381295572
8707-HOEDG,No,0.2067684310175259
3374-LXDEV,Yes,0.6917376869209209
4072-IPYLT,No,0.1995162187214991
7167-PCEYD,No,0.046385425874173554
4936-YPJNK,No,0.17408587469491615
1580-BMCMR,Yes,0.603904974138507
4817-KEQSP,No,0.010165975475527883
6408-WHTEF,No,0.006648656523271149
9251-AWQGT,No,0.00446606630745505
8749-CLJXC,Yes,0.5969173031228472
7989-VCQOH,No,0.28476244602315304
5049-GLYVG,No,0.4680666639657811
4199-QHJNM,No,0.2464376201114653
8882-TLVRW,No,0.04901089586743669
5883-GTGVD,Yes,0.8483994994012994
5135-GRQJV,No,0.04633905206839987
2384-OVPSA,No,0.017155985125575528
1371-WEPDS,No,0.2480152098956594
3580-GICBM,No,0.03257442960701073
4817-QRJSX,Yes,0.8380392897042371
9730-DRTMJ,No,0.10392592228386245
4686-UXDML,Yes,0.7964665032528059
3349-ANQNH,Yes,0.5323208025454516
2398-YPMUR,Yes,0.7721425461726115
0932-YIXYU,No,0.01106525314665116
7480-SPLEF,No,0.017820246015811107
7636-XUHWW,No,0.2438711485117556
1431-CYWMH,No,0.20476139937511426
5937-EORGB,Yes,0.7608134625183276
6349-JDHQP,No,0.02020932066570638
5539-HIVAK,No,0.20665808962095392
5847-MXBEO,No,0.0124689777667253
9985-MWVIX,Yes,0.9022269391833356
4583-PARNH,Yes,0.5860626685088962
1116-FRYVH,No,0.028213544091428948
1421-HCERK,No,0.4267970304518854
9633-XQABV,Yes,0.8003612860674468
0716-BQNDX,No,0.17769945346464966
1265-XTECC,No,0.469113468399346
1183-CANVH,No,0.10463646103700255
1972-XMUWV,No,0.09605486807444251
8679-LZBMD,No,0.3040460217297823
3407-JMJQQ,No,0.14334947608838913
6252-DFGTK,No,0.11106442549047997
1539-LNKHM,No,0.1905557493860801
8645-KOMJQ,No,0.037870765651063044
0289-IVARM,No,0.21727189125673235
9761-XUJWD,No,0.40696162499830507
4057-FKCZK,No,0.16449837877736662
4291-TPNFG,No,0.01176592452167959
6087-YPWHO,No,0.03206397644783035
3090-QFUVD,No,0.41843808074847305
2237-ZFSMY,Yes,0.5711402278832147
1722-LDZJS,No,0.028231955044681168
1818-ESQMW,No,0.48114532283899325
4871-JTKJF,Yes,0.9317562282777033
1415-YFWLT,Yes,0.9377937393319595
7401-RUBNK,Yes,0.5308389237333484
0506-YLVKJ,No,0.010982281179151038
8661-BOYNW,No,0.022068172167563318
6711-VTNRE,No,0.4881687852096437
4815-GBTCD,Yes,0.7220374076705746
2805-AUFQN,No,0.04022082982935364
0980-PVMRC,No,0.39188460924380697
7233-DRTRF,Yes,0.7284934041158238
3500-RMZLT,Yes,0.7504275452253983
3873-NFTGI,No,0.37431285636536926
1162-ECVII,No,0.2514714029713409
7048-GXDAY,Yes,0.5174641574682061
8571-ZCMCX,No,0.06286816233842309
1169-WCVAK,No,0.35340634231624024
4548-SDBKE,Yes,0.8989414912119104
8066-POXGX,Yes,0.7822720615426922
7129-CAKJW,Yes,0.529111915185477
8695-ARGXZ,Yes,0.7343990037329241
3570-YUEKJ,No,0.31071832783848047
4143-OOBWZ,Yes,0.9102350273256753
1555-HAPSU,No,0.004649441146217744
1697-NVVGY,No,0.30589544884507386
7854-EKTJL,No,0.36593796142080237
8464-EETCQ,No,0.1040022445611741
2419-FSORS,No,0.23150944929400694
8132-YPVBX,Yes,0.7529381527004329
9102-IAYHT,Yes,0.8054838286238054
6754-LZUKA,No,0.06175539622574377
3422-LYEPQ,Yes,0.8996704576519382
8099-MZPUJ,No,0.1790459919416421
0787-LHDYT,No,0.1998466429579666
2642-DTVCO,Yes,0.9048486810376494
0374-IOEGQ,Yes,0.6792606344375649
4361-JEIVL,Yes,0.7440895009791415
3197-NNYNB,No,0.21044518832867715
3396-DKDEL,No,0.07263982996610892
1752-OZXFY,No,0.05244643533003972
9066-QRSDU,No,0.06036647093603283
9112-WSNPU,Yes,0.6577928588462645
9867-NNXLC,No,0.14367069455992854
5321-NTRKC,No,0.07744412409282016
1363-TXLSL,Yes,0.9071439438289703
9507-EXLTT,Yes,0.9022841644947633
3161-GETRM,Yes,0.5773852404555171
0402-OAMEN,No,0.0027404067784685617
6933-VLYFX,No,0.1791882857323371
6754-WKSHP,No,0.17154956223033557
9846-GKXAS,Yes,0.8925841809257379
6017-PPLPX,Yes,0.779947287420594
4976-LNFVV,No,0.4406572664750988
5055-MGMGF,No,0.44456940412631646
4641-FROLU,No,0.018149119007330614
2862-JVEOY,No,0.03386966584242204
2969-QWUBZ,Yes,0.6782159525627753
9822-BIIGN,No,0.1980914235331943
2077-MPJQO,Yes,0.8677480576378015
1534-OULXE,No,0.055051262190433034
7136-RVDTZ,Yes,0.5467097350340405
2971-SGAFL,No,0.46139706862298624
1480-IVEVR,No,0.18205795527869256
2905-KFQUV,Yes,0.7510447731200373
4581-SSPWD,Yes,0.8804695004442739
3370-HXOPH,Yes,0.8542747444715412
9391-YZEJW,No,0.36755474439432223
9958-MEKUC,No,0.0697423767511333
0281-CNTZX,No,0.01796925391821309
6927-WTFIV,Yes,0.5865292777286014
4118-CEVPF,No,0.40739015458236116
3398-ZOUAA,Yes,0.7567189150690747
9114-VEPUF,No,0.2623215098102993
7876-BEUTG,No,0.4893008860076862
2338-BQEZT,No,0.334608060982365
9873-MNDKV,Yes,0.5151836950153674
0378-NHQXU,Yes,0.7947045988413047
8241-JUIQO,No,0.08053556296460146
2194-IIQOF,No,0.014469893594228086
4512-ZUIYL,Yes,0.8124709091406404
9631-RXVJM,No,0.06537364051466134
9584-EXCDZ,Yes,0.5167327165947782
7969-AULMZ,Yes,0.8506806656503738
5093-FEGLU,No,0.02110458663397459
2621-UDNLU,No,0.3474147749684233
7526-IVLYU,No,0.30768878101349784
2428-HYUNX,No,0.04180593184095206
9214-EKVXR,Yes,0.7051369030379869
3410-MHHUM,No,0.31938453505037084
0568-ONFPC,No,0.3762558503733246
0733-VUNUW,No,0.31450270583126283
4550-EVXNY,Yes,0.9286452076961486
2122-YWVYA,Yes,0.5350465203760483
2968-SSGAA,Yes,0.9386183346246405
2296-DKZFP,No,0.027178807473947627
4844-JJWUY,Yes,0.8997278255064396
6777-TGHTM,Yes,0.5141521053603023
8909-BOLNL,No,0.06003370434074924
6603-YRDCJ,No,0.031224576676093078
3538-WZPHD,Yes,0.8013713704539663
3229-USWAR,No,0.17109709981245222
2138-VFAPZ,No,0.0649067750509437
6131-JLWZM,No,0.16767191761414404
4785-QRJHC,No,0.2926815688252522
0269-XFESX,No,0.0385418895885466
1709-EJDOX,No,0.006642937055754367
4316-XCSLJ,No,0.37309188464490284
8610-WFCJF,Yes,0.7455598999878723
9693-XMUOB,Yes,0.5600704019128948
0383-CLDDA,No,0.03642352564704476
4905-JEFDW,Yes,0.5043372771301746
2709-UQGNP,No,0.465688410485586
3549-ZTMNH,No,0.07993123680154185
7881-INRLC,Yes,0.7809688936846201
8033-ATFAS,No,0.2734751812173289
1635-NZATJ,No,0.036359253629909875
0562-HKHML,No,0.0064346600099380105
8277-RVRSV,No,0.04098407277257101
9943-VSZUV,No,0.43302173584119563
0117-LFRMW,No,0.4651831496069193
6172-FECYY,Yes,0.6900440558914067
7054-ENNGU,No,0.23691741713776435
1455-HFBXA,No,0.11325442792907241
9402-CXWPL,No,0.31455127454431014
1628-BIZYP,Yes,0.8528750243847948
1965-AKTSX,Yes,0.8817373648481995
0082-LDZUE,Yes,0.7069769444736667
4786-UKSNZ,Yes,0.5624230883563897
5343-SGUBI,No,0.1813641701527939
0856-NAOES,No,0.4055209514857013
1976-AZZPJ,No,0.38291722150167473
7248-VZQLC,Yes,0.6738764925107184
6156-UZDLF,No,0.15743055915110632
3099-OONVS,No,0.322207169249449
9500-WBGRP,No,0.08718629238045264
5183-KLYEM,No,0.06440548883290258
5144-PQCDZ,No,0.28424132132301194
8514-VZHEB,No,0.02300306722921029
6625-IUTTT,No,0.055028375025926175
9355-NPPFS,Yes,0.5897026136533184
0068-FIGTF,No,0.2634608523181588
5965-GGPRW,No,0.15639797577723494
8035-PWSEV,Yes,0.7546027453351406
2236-HILPA,No,0.003209805783190983
1840-BIUOG,No,0.29721799547100997
1356-MKYSK,No,0.3302706700524445
6080-LNESI,No,0.06447882270337024
1830-IPXVJ,No,0.006973615535345837
5828-DWPIL,No,0.3132074715161983
8398-TBIYD,No,0.06826189657702715
0011-IGKFF,Yes,0.857372221852475
4192-GORJT,Yes,0.8900174564413372
6496-SLWHQ,Yes,0.9202942908385144
9912-GVSEQ,Yes,0.7824962295374123
2931-FSOHN,No,0.3290270428033451
9418-RUKPH,No,0.02263214477747962
5383-MMTWC,Yes,0.9200014984361794
9971-ZWPBF,Yes,0.6335144324340123
4712-AUQZO,No,0.3632966056633661
9711-FJTBX,No,0.1575450152943179
2908-ZTPNF,No,0.30858075122994166
7240-ETPTR,Yes,0.8167190550962072
2202-CUYXZ,Yes,0.9278896406231228
5995-OIGLP,No,0.4723930085388643
8421-WZOOW,No,0.38286003155558695
6261-RCVNS,No,0.42253970869149604
7951-QKZPL,No,0.22538726848575955
1414-YADCW,No,0.07327558237575789
8756-RDDLT,No,0.23745178050867036
2862-PFNIK,Yes,0.7865683300423099
5816-QVHRX,Yes,0.5577936174673153
4430-YHXGG,No,0.21654735325606125
6888-SBYAI,Yes,0.6485133651256962
7395-XWZOY,No,0.27062326872220543
7169-YWAMK,No,0.02284648516096932
3640-PHQXK,Yes,0.7893328601346336
6877-LGWXO,Yes,0.751450317957417
6859-RKMZJ,No,0.34036709372051427
2729-VNVAP,No,0.010670016060916178
2957-JIRMN,No,0.33681778583993194
2049-BAFNW,Yes,0.5575320371896217
3842-QTGDL,No,0.42612547797242084
7163-OCEQI,No,0.38808406787526056
9782-LGXMC,No,0.12131985677973812
5975-BAICR,No,0.1757491005716621
8019-ENHXU,Yes,0.6606757028465049
5167-GBFRE,Yes,0.7948805529037366
9033-EOXWV,No,0.48618489509400364
4673-KKSLS,No,0.379105396190981
4853-OITSN,Yes,0.6387028567747319
9800-OUIGR,No,0.0019968644320007833
1324-NLTJE,Yes,0.6412608644670262
2324-EFHVG,No,0.2890950021109765
7094-MSZAO,No,0.22116602473918273
1522-VVDMG,Yes,0.7778325791356194
6907-CQGPN,No,0.2529843625921866
0780-XNZFN,No,0.05103773093124491
0239-OXEXL,No,0.3306731417888016
2675-IJRGJ,No,0.09839138792896422
7049-GKVZY,No,0.33602097994970154
8577-QSOCG,No,0.02466445223890925
3721-CNZHX,No,0.03230204824851556
0212-ISBBF,Yes,0.6011133323509129
9185-TQCVP,Yes,0.8827464870359781
3585-YNADK,No,0.06906925718918035
5271-DBYSJ,Yes,0.7050783318321113
1099-GODLO,No,0.18289044880474936
6828-HMKWP,No,0.037766362148590395
5567-WSELE,Yes,0.9521374752907875
1472-TNCWL,Yes,0.5486301270990664
8063-RJYNF,Yes,0.838225010472414
0687-ZVTHB,No,0.3695874191965592
2080-GKCWQ,Yes,0.688260819271803
9661-ACXBS,Yes,0.6434658372945147
2193-SFWQW,No,0.07421745031945172
5656-JAMLX,No,0.040421613013612835
3462-BJQQA,Yes,0.8984920747962549
0442-TDYUO,No,0.020890178039135905
6733-LRIZX,No,0.3485953146647956
9503-XJUME,No,0.028085687960468366
4367-NHWMM,Yes,0.7734998984056143
3727-RJMEO,Yes,0.8813539320956113
3779-OSWCF,No,0.09732801317321707
6736-DHUQI,No,0.1196046045379291
3915-ODIYG,No,0.17770262375332008
1360-RCYRT,No,0.28041009718123616
2724-FJDYW,No,0.10498579577416373
4451-RWASJ,No,0.08058766285532949
6646-VRFOL,Yes,0.7636237006312612
3460-TJBWI,No,0.04576276089212865
5917-HBSDW,No,0.19148145613375642
5685-IIXLY,Yes,0.8744468235591577
5671-UUNXD,No,0.45322335235969446
0956-ACVZC,No,0.3977541086580113
2325-NBPZG,Yes,0.6115460050122293
4250-ZBWLV,Yes,0.5640899347276844
4482-FTFFX,No,0.4648758062483333
8859-DZTGQ,No,0.01776084818367656
0440-MOGPM,No,0.25146662264458514
0020-JDNXP,No,0.08792809274280806
3752-CQSJI,No,0.19948828045323372
5025-GOOKI,No,0.1763030736091627
4698-KVLLG,No,0.016769013706311932
5095-AESKG,Yes,0.917266745639951
2887-JPYLU,No,0.23338100645278098
4770-QAZXN,No,0.30129228266651314
4896-CPRPF,No,0.030908344656182092
1871-MOWRM,Yes,0.5959711446816226
9714-EDSUC,Yes,0.5717838457142544
2027-OAQQC,Yes,0.5452204153767529
0282-NVSJS,No,0.3781776284872961
9090-SGQXL,Yes,0.7726486566906849
6595-YGXIT,Yes,0.8060896651608628
7353-YOWFP,No,0.050778378324271206
9835-ZIITK,Yes,0.645196473288595
8008-ESFLK,No,0.46770948849001864
7537-CBQUZ,No,0.375094103431342
1555-DJEQW,No,0.25133767769616483
5649-TJHOV,Yes,0.6191250579576809
0519-XUZJU,Yes,0.9191451427646625
3363-EWLGO,No,0.3301792055054892
4750-UKWJK,No,0.03649263403742235
6338-AVWCY,Yes,0.8148323236338042
1689-YQBYY,Yes,0.7448608360101182
4487-ZYJZK,No,0.024991966046076914
2959-FENLU,Yes,0.75308514605926
0708-LGSMF,No,0.4297188469243516
9253-QXKBE,Yes,0.8165456594976249
7634-HLQJR,No,0.005196485036616594
0487-RPVUM,No,0.31604597550285646
4079-ULGFR,No,0.23920023495368917
2516-XSJKX,No,0.08379672132070726
0057-QBUQH,No,0.053201940730648725
9445-SZLCH,Yes,0.5018404000692573
6599-SFQVE,Yes,0.6125511625873153
8331-ZXFOE,No,0.09144517937260452
4003-FUSHP,No,0.34561023682690645
0356-ERHVT,No,0.42023848863092794
7325-ENZFI,No,0.058337033954880275
4884-ZTHVF,Yes,0.825561635386202
3920-HIHMQ,No,0.28504703340484705
3055-OYMSE,Yes,0.5619533678618184
0613-WUXUM,No,0.021021516745236606
7568-PODML,Yes,0.8783274128328195
4458-KVRBJ,No,0.06495823018561647
5349-IECLD,Yes,0.8854585574364022
1397-XKKWR,No,0.18697255788624315
3945-GFWQL,Yes,0.603803705363511
8097-OMULG,No,0.17556578666086264
6013-BHCAW,No,0.03854090202170844
0401-WDBXM,No,0.1634579692575024
3387-PLKUI,No,0.3007497703671699
6096-EGVTU,No,0.0445998755725646
3797-VTIDR,Yes,0.8543243589562765
5081-NWSUP,No,0.24313873438232084
2580-ATZSQ,No,0.09550994458008054
8085-MSNLK,No,0.1429688785497901
9691-HKOVS,No,0.1719281431631512
9881-VCZEP,No,0.23633722360672585
9526-BIHHD,Yes,0.6990699275995376
8757-TFHHJ,Yes,0.6697113650279528
4523-WXCEF,Yes,0.614737804460263
1468-DEFNC,No,0.019829330013860894
5119-KEPFY,Yes,0.6916433577844411
8364-TRMMK,Yes,0.8064614214063613
0916-KNFAJ,No,0.07101156753680338
8319-QBEHW,No,0.3338254563716617
3063-QFSZL,Yes,0.787997539039428
8775-LHDJH,Yes,0.9409950719279047
9625-QNLUX,No,0.084447116397576
3097-NQYSN,Yes,0.8862011278945167
4024-CSNBY,No,0.0872756098364468
7110-BDTWG,No,0.22213118961239267
7493-GVFIO,No,0.03043955934677097
0690-SRQID,No,0.29517982359610156
9605-WGJVW,Yes,0.908498458211055
9114-DPSIA,No,0.027249696023211197
4700-UBQMV,No,0.17164410937975524
7711-GQBZC,No,0.007026121064182848
3565-UNOCC,Yes,0.7343428704416354
4627-MIHJH,No,0.22163206267949886
9795-NREXC,No,0.03495555395163111
8573-CGOCC,No,0.24985472756885144
7356-AYNJP,No,0.11167273561469236
9249-FXSCK,Yes,0.5554520720571625
5493-SDRDQ,Yes,0.6591955294228938
6286-SUUWT,Yes,0.5959477532810242
4819-HJPIW,No,0.39423562262106515
8654-DHAOW,Yes,0.6609685352932732
5438-QMDDL,No,0.25625097276788883
9812-GHVRI,Yes,0.5265426689432788
5553-AOINX,No,0.33889505277614473
1228-ZLNBX,Yes,0.5490929089472698
4226-KKDON,No,0.31459794857463264
3831-YCPUO,No,0.04244909792470848
7445-WMRBW,No,0.10423503346484755
3308-DGHKL,No,0.0597790899480977
9924-JPRMC,No,0.13851302969939575
0080-EMYVY,No,0.20850765583599618
6218-KNUBD,No,0.39103090246083866
7337-CINUD,No,0.08825205405669787
7609-NRNCA,No,0.024169878916306464
0623-EJQEG,No,0.27635769594709314
7153-CHRBV,No,0.03141401272361134
0871-URUWO,Yes,0.8484214054923388
9190-MFJLN,Yes,0.7256324566614832
6198-PNNSZ,No,0.31579839537140014
3317-VLGQT,Yes,0.7822834815430059
4132-POCZS,No,0.3228670393326717
5614-DNZCE,No,0.07384179598816865
1095-JUDTC,Yes,0.6464600175640206
3896-RCYYE,No,0.2028401718269958
9638-JIQYA,Yes,0.7451195183515336
3258-SANFR,Yes,0.6339622155021812
3726-TBHQT,No,0.08050545765480728
3190-ITQXP,No,0.00840216567269987
0870-VEMYL,Yes,0.651226837950644
4833-QTJNO,No,0.24973530750493755
3039-MJSLN,No,0.22756832257002554
0178-CIIKR,No,0.30780334769634066
5385-SUIRI,Yes,0.6992439247761577
3982-XWFZQ,Yes,0.501024499034356
5774-QPLTF,No,0.017114318599673776
2322-VCZHZ,Yes,0.595508850890737
5010-IPEAQ,No,0.04449328536659762
4009-ALQFH,Yes,0.7794551397239496
6383-ZTSIW,No,0.2630511185357218
8990-YOZLV,No,0.06981282329034164
3069-SSVSN,No,0.436230004239483
5222-IMUKT,Yes,0.621806165669463
3627-FCRDW,Yes,0.7056045637048338
7562-GSUHK,Yes,0.740063308187221
6685-XSHHU,No,0.006458168041231373
8901-UPRHR,No,0.1951304525881449
4903-UYAVB,No,0.43645703042090317
0118-JPNOY,Yes,0.569499642833739
6776-TLWOI,No,0.3405622409597908
3845-FXCYS,No,0.3830552096065266
5857-XRECV,No,0.19301838815469827
0725-CXOTM,No,0.18200150878126947
4343-EJVQB,Yes,0.525467435197697
9000-PLFUZ,No,0.17680270251398697
3427-GGZZI,Yes,0.7670698763902402
7779-ORAEL,No,0.1074295067669948
0644-OQMDK,Yes,0.8109412082110385
4077-CROMM,Yes,0.7725445424111991
3154-CFSZG,No,0.4365169147541464
2868-MZAGQ,Yes,0.937169233217187
4847-QNOKA,Yes,0.7319052949456898
2220-IAHLS,No,0.39035203581621775
1658-XUHBX,No,0.4851812744998677
6379-RXJRQ,Yes,0.7903500536384972
2378-HTWFW,No,0.4683247691019713
8650-RHRKE,Yes,0.8642995464502156
4377-VDHYI,No,0.20412150770474685
0475-RIJEP,Yes,0.706969387501683
1260-TTRXI,Yes,0.7738904417159022
3719-TDVQB,No,0.03473879478984176
6328-ZPBGN,Yes,0.9139890582793239
0201-MIBOL,No,0.25404403823681637
4937-QPZPO,Yes,0.5179979258672484
2925-VDZHY,No,0.049959015629034265
6981-TDRFT,No,0.23544920334628225
3413-CSSTH,No,0.28527363259618854
8033-VCZGH,Yes,0.5006624517158539
4789-KWMXN,Yes,0.5565579237293364
0224-NIJLP,No,0.019798855721462828
7542-CYDDM,No,0.18079817205464646
4718-WXBGI,No,0.043241695294824606
2867-UIMSS,Yes,0.9049518455368027
8495-PRWFH,No,0.382093966457178
0439-IFYUN,Yes,0.6735542402645088
5716-LIBJC,Yes,0.5025831988382304
2868-LLSKM,No,0.16400932563611154
8111-RKSPX,Yes,0.8333538964371909
2988-QRAJY,No,0.20499892281961482
1585-MQSSU,No,0.4826595039019339
0071-NDAFP,No,0.05972548504752572
2856-NNASM,Yes,0.6937490630708784
7328-ZJAJO,No,0.007222676654439179
6458-CYIDZ,No,0.47720772216095336
8559-CIZFV,No,0.33579279909518456
1090-PYKCI,No,0.11344489990730236
3058-WQDRE,Yes,0.5591944619455731
7547-EKNFS,Yes,0.6683839609932765
2279-AXJJK,No,0.3602299648278352
6769-DYBQN,Yes,0.6024459371143495
0909-SELIE,No,0.02101041358400883
3417-TSCIC,No,0.30003655971527204
1042-HFUCW,No,0.172886555475684
4439-JMPMT,Yes,0.8297129914995317
6537-OTKMY,No,0.40532814656958743
8999-EXMNO,No,0.01469924004337402
6725-TPKJO,No,0.021757349163847736
2446-BEGGB,Yes,0.9439797326316846
7162-WPHPM,No,0.05480124127167901
1599-MMYRQ,No,0.10747050685703417
8821-KVZKQ,No,0.1338313599231405
1496-GGSUK,Yes,0.8389377540059114
6434-TTGJP,No,0.05938191377089862
0042-JVWOJ,No,0.01845225958172652
0130-SXOUN,No,0.4436757599887682
2575-GFSOE,Yes,0.750974465101872
2330-PQGDQ,No,0.12322555074972356
1452-UZOSF,No,0.04900971639129414
2097-YVPKN,No,0.030408514595084542
2842-JTCCU,Yes,0.7697706432164495
8597-CTXVJ,No,0.06465266897001244
6631-HMANX,No,0.020857723175336063
9962-BFPDU,Yes,0.607590181250721
3296-SILRA,Yes,0.8333943083991532
9681-OXGVC,Yes,0.9437481071775752
6394-HHHZM,No,0.25369656774208604
5995-LFTLE,No,0.08467547272637091
5180-UCIIQ,Yes,0.5671800906262262
1932-UEDCX,Yes,0.6703930293691562
7153-OANIO,Yes,0.913264333639903
5188-HGMLP,No,0.4266456692753546
0665-XHDJU,No,0.27624964266506763
6521-YYTYI,Yes,0.9071005433052666
8878-HMWBV,Yes,0.8296936860203217
8265-HKSOW,No,0.06682432672178544
3544-FBCAS,No,0.03715514521994361
5331-RGMTT,Yes,0.709069793904062
4759-PXTAN,No,0.23200466220416882
7054-DMVAS,No,0.044057482193252624
3428-MMGUB,No,0.2587618036222531
6549-BTYPG,No,0.04015134385273745
7823-JSOAG,Yes,0.8325985663356734
3705-RHRFR,No,0.16893831503283385
9374-YOLBJ,Yes,0.5026270123748094
9074-KGVOX,No,0.18818706562477747
6128-DAFVY,No,0.477619292374968
9933-QRGTX,No,0.22508688218447204
4476-OSWTN,No,0.373902119334499
3751-KTZEL,Yes,0.7869893971293507
1977-STDKI,Yes,0.8913819639651673
5066-GFJMM,No,0.3035707899922957
2661-GKBTK,No,0.04076230154229774
0458-HEUZG,No,0.1577009145776413
7268-WNTCP,No,0.009501717769564405
0824-VWDPO,No,0.16437026617356024
8409-WQJUX,No,0.18744746386588343
2578-JQPHZ,No,0.17026026278998385
3278-FSIXX,Yes,0.769709176565458
5813-UECBU,Yes,0.6117312532255335
0328-GRPMV,Yes,0.921414478584739
9746-UGFAC,No,0.10004445381796612
2946-KIQSP,No,0.24264831003321488
0625-AFOHS,No,0.00881283199600481
6726-WEXXK,No,0.27349069767718087
4636-OLWOE,No,0.14247776439432253
4342-HENTK,Yes,0.8268473130531653
4685-ERGHK,No,0.39122784146493467
0885-HMGPY,No,0.011827486095834111
5003-OKNNK,No,0.0852230251848864
4195-SMMNX,No,0.37486857579012006
7208-PSIHR,No,0.2674289172202396
4012-ZTHBR,No,0.4578666314364295
0489-WMEMG,No,0.21119707628746937
7435-ZNUYY,No,0.03259589779483991
1354-YZFNB,No,0.043312793691224885
6956-SMUCM,Yes,0.8128912397478397
2985-FMWYF,Yes,0.8184240000084223
2812-ENYMO,No,0.11308701808383691
2717-HVIZY,No,0.2368485811595814
3223-WZWJM,Yes,0.7886547574329723
3422-GALYP,Yes,0.8594754763779288
9053-JZFKV,No,0.3923922699541244
2530-ENDWQ,No,0.4321085797222014
2890-WFBHU,No,0.239141821295313
0327-WFZSY,No,0.4654159284789774
7977-HXJKU,No,0.040108978924494505
6615-ZGEDR,Yes,0.6148376639709455
7033-CLAMM,No,0.015200999491941853
4023-RTIQM,No,0.20309435301459416
0864-FVJNJ,No,0.21781004893125858
7356-IWLFW,No,0.4451943517224726
9541-PWTWO,No,0.03426862304180519
3967-VQOGC,No,0.04170536622373113
7872-RDDLZ,No,0.2511040167299098
9250-WYPLL,Yes,0.8459439053058404
6308-CQRBU,No,0.1512732749715312
2754-XBHTB,Yes,0.8392321485320188
1597-LHYNC,Yes,0.7506996372452627
0186-CAERR,No,0.46607651485757057
3043-SUDUA,No,0.25970104724589205
5442-BHQNG,Yes,0.8420560291939249
2169-RRLFW,No,0.015481739053990914
5872-OEQNH,No,0.1764146275891067
3162-KKZXO,Yes,0.5481406286351805
7055-VKGDA,Yes,0.575468133089428
0754-UKWQP,Yes,0.9040624574825233
8873-GLDMH,Yes,0.8185943924484647
5696-JVVQY,No,0.048319182601248185
8946-BFWSG,No,0.005225780345629339
7493-TPUWZ,Yes,0.9120036355254711
0547-HURJB,No,0.2053398706077406
8904-OPDCK,No,0.38069432688458305
8845-LWKGE,No,0.19337174803892943
1577-HKTFG,No,0.3521187240349308
8752-STIVR,Yes,0.8969904277810966
0691-NIKRI,No,0.45621990436633114
5022-JNQEQ,Yes,0.7169164752003871
4558-FANTW,Yes,0.7510301196208102
3249-VHRIP,No,0.14012549008360375
3736-BLEPA,No,0.2507347879014987
4701-LKOZD,No,0.035579357345494174
6603-QWSPR,No,0.21909206245682286
9921-QFQUL,Yes,0.5775545610571863
1929-ZCBHE,No,0.15937781300802478
4378-MYPGO,No,0.1350003456764943
8651-ENBZX,Yes,0.6510239362849416
4129-LYCOI,No,0.22446212519345207
7798-JVXYM,Yes,0.556140041289056
8647-SDTWQ,Yes,0.5182046298606581
2696-ECXKC,No,0.22990027655264408
2081-KJSQF,Yes,0.620378176342464
7623-TRNQN,Yes,0.5402459869741048
3323-CPBWR,No,0.4956403871494214
9330-IJWIO,Yes,0.8838972484437645
3384-CTMSF,Yes,0.770592297496625
0902-RFHOF,No,0.009059670486762114
9286-DOJGF,Yes,0.6286875202736603
6048-QBXKL,Yes,0.6994016129609167
9661-MHUMO,Yes,0.6571721613115704
7718-RXDGG,Yes,0.6319980844251114
1025-FALIX,No,0.499907352633556
3451-VAWLI,No,0.007729681224101564
3407-QGWLG,No,0.20456975550728795
1842-EZJMK,Yes,0.6425488455899006
2347-WKKAE,Yes,0.5132443850496516
8735-DCXNF,No,0.33116355246230184
3214-IYUUQ,No,0.17863365151097338
1936-UAFEH,No,0.26704754299117356
3587-PMCOY,Yes,0.5527551246925572
8079-XRJRS,No,0.4552291928705313
1027-LKKQQ,No,0.011555031464450539
7148-XZPHA,No,0.38195519664371
8073-IJDCM,Yes,0.6981551592779058
5309-TAIKL,No,0.3448638035753757
6856-RAURS,Yes,0.8875545070747329
8778-LMWTJ,Yes,0.5898644745773503
9717-IOAAF,No,0.08363514555356973
8884-ADFVN,Yes,0.9416483821226391
2845-KDHVX,No,0.02851360001735942
0848-SOMKO,No,0.05548126651833256
2720-WGKHP,Yes,0.9544473536673738
6734-FQAJX,No,0.23625979697377303
2869-ADAWR,Yes,0.7293103369017963
1535-VTJOQ,No,0.19231056742080171
6368-TZZDT,No,0.03933903275828028
0943-ZQPXH,Yes,0.5053535089246258
1293-BSEUN,No,0.01218413788657255
9894-EZEWG,Yes,0.8693662023141043
1302-TPUBN,No,0.10745813090840439
7851-FLGGQ,Yes,0.7565427169928753
0637-UBJRP,Yes,0.6582585826318793
0940-OUQEC,Yes,0.8424793636654487
2378-VTKDH,Yes,0.7247603983857035
0927-CNGRH,Yes,0.581580279577753
8608-OZTLB,No,0.21109516031563358
2335-GSODA,No,0.06510924423877744
1952-DVVSW,No,0.08764241374397665
0702-PGIBZ,Yes,0.9054220079822497
6656-GULJQ,No,0.03501803427516875
9853-JFZDU,No,0.29483229752856654
1963-VAUKV,Yes,0.5592281119948463
3777-XROBG,No,0.010770003711618452
6994-FGRHH,No,0.3228503364453701
4000-VGMQP,No,0.19116858408590923
3999-WRNGR,No,0.3353764112231139
3466-RITXD,Yes,0.6245613431529585
2680-XKKNJ,No,0.11146180859922844
3058-HJCUY,Yes,0.6820664346794195
2974-GGUXS,Yes,0.6128750452371764
7994-XIRTR,No,0.08861310247428683
3259-FDWOY,No,0.47544225826582703
2101-RANCD,Yes,0.6457330364686982
7921-BEPCI,No,0.03384994865677906
0807-ZABDG,Yes,0.6471066313581237
8510-TMWYB,No,0.06240357631907156
3258-ZKPAI,No,0.05116774173149
1428-IEDPR,No,0.4036945061894703
5298-GSTLM,No,0.29048445430215286
4450-YOOHP,No,0.4879000094847852
6728-CZFEI,No,0.29639461623747737
5748-RNCJT,Yes,0.5251680215414768
3653-NCRDJ,No,0.03837726260476489
6121-TNHBO,No,0.1806778378694259
5119-NZPTV,Yes,0.7551692893928793
6519-ZHPXP,No,0.1069984846292646
7739-LAXOG,Yes,0.6185994888110999
3472-QPRCH,No,0.03131559382070787
8224-UAXBZ,No,0.20737632416024926
9610-WCESF,No,0.13321553263329972
9776-CLUJA,Yes,0.6275403920338102
2486-WYVVE,No,0.3357317006722351
3865-ZYKAD,No,0.33731945172381333
1422-DGUBX,No,0.25190754722577063
2999-AANRQ,No,0.1374964585398364
8668-KNZTI,No,0.18491749404205668
0480-KYJVA,No,0.004894339105401418
6034-ZRYCV,No,0.47321454592498036
9746-YKGXB,No,0.1134116411835417
3926-YZVVX,No,0.05957606757833745
6000-UKLWI,No,0.020008078026821495
2079-FBMZK,Yes,0.6916836013955834
6332-FBZRI,No,0.12131408558592717
2096-XOTMO,No,0.2922468266434731
3266-FTKHB,No,0.053963316291291696
8221-EQDGL,No,0.20558974268102312
2346-LOCWC,No,0.0034478961758022857
6608-QQLVK,Yes,0.8377217347755918
0298-XACET,No,0.061513384807726314
7560-QJAVJ,No,0.023841525827343998
2995-YWTCD,No,0.09679001680868825
3551-HUAZH,Yes,0.9366771584296838
9137-UIYPG,No,0.46448294634422005
2809-ZMYOQ,Yes,0.7884071376722198
5084-OOVCJ,No,0.2698714046546687
0254-WWRKD,No,0.10695444814058515
7727-SHVZV,No,0.40183540646313654
6302-JGYRJ,Yes,0.5386018723268775
5339-PXDVH,Yes,0.6918926752628525
2205-LPVGL,No,0.11688822417792573
8782-NUUOL,No,0.19291580002423184
3685-YLCMQ,Yes,0.7196279510688685
7601-WFVZV,Yes,0.5828105611020503
4609-KNNWG,No,0.00881283199600481
4868-AADLV,No,0.2540604334155301
9529-OFXHY,Yes,0.558336783174223
8634-MPHTR,Yes,0.8106347631442647
2669-QVCRG,Yes,0.5036491696891939
2478-EEWWM,Yes,0.5355430691321164
9174-IHETN,No,0.18839067714772742
2233-TXSIU,No,0.162270344469139
9644-UMGQA,Yes,0.5258386484717958
3256-EZDBI,No,0.3855553794171198
8761-NSOBC,Yes,0.6718630499315192
0419-YAAPX,No,0.48694417157227426
8413-VONUO,Yes,0.8345274140279256
0872-CASZJ,No,0.10617993580729046
4726-DLWQN,No,0.23243797382243558
8164-OCKUJ,No,0.005483401478425529
3094-JOJAI,Yes,0.5732868232427097
9494-MRNYX,Yes,0.7075053681970807
2599-CZABP,No,0.3899299250889809
7945-PRBVF,No,0.0359941568596719
4544-RXFMG,No,0.3846892009929321
0859-YGKFW,No,0.08850554334586709
1150-FTQGN,No,0.09700128910879628
9223-UCPVT,Yes,0.9398921282613231
7196-LIWRH,No,0.04177835380094165
5448-VWNAM,No,0.20814483051548754
1177-XZBJL,No,0.06070742890816437
3518-FSTWG,No,0.11680863260662812
9330-VOFSZ,No,0.15830080444061498
4351-QLCSU,Yes,0.7712565244288165
0939-EREMR,No,0.31860455500988283
9389-ACWBI,Yes,0.6949907807809129
5419-JPRRN,Yes,0.9540034168639411
3644-QXEHN,Yes,0.6585487544253076
2911-IJORQ,No,0.19954928923839357
5921-NGYRH,No,0.3337193680446462
2100-BDNSN,Yes,0.6303311117898196
5998-DZLYR,No,0.11216618572109807
0488-GSLFR,Yes,0.938371593697591
9318-NKNFC,No,0.46842485874749307
3985-HOYPM,No,0.007006588645566981
9728-FTTVZ,Yes,0.9381057529233054
9548-LERKT,No,0.017079676875072114
6576-FBXOJ,No,0.305151174891493
4310-KEDTB,No,0.37031991874168607
7254-IQWOZ,Yes,0.9358250291928408
2474-BRUCM,Yes,0.6849990232324868
4062-HBMOS,Yes,0.7264372736896997
0742-NXBGR,Yes,0.9119951986135928
2676-ISHSF,No,0.45183744671567233
9236-NDUCW,No,0.0643713101970394
4753-PADAS,No,0.33799632322381373
6103-QCKFX,No,0.08427011178877425
7781-EWARA,No,0.21430087768613706
6110-OHIHY,Yes,0.8630852777825981
7018-FPXHH,No,0.032526516181978375
5889-LFOLL,Yes,0.8656481813087262
5708-EVONK,No,0.42307715710796906
8708-XPXHZ,Yes,0.7574295224055037
0616-ATFGB,Yes,0.8422680256168102
0572-ZJKLT,No,0.16668429268049698
5135-RDDQL,No,0.02760999771203853
1353-LJWEM,No,0.3197478463735281
1794-SWWKL,No,0.29602372886219136
6166-YIPFO,No,0.10640429576008019
7016-BPGEU,Yes,0.5693221091138689
6876-ADESB,Yes,0.7906899997869902
9332-GYWLO,Yes,0.511502106545489
1963-SVUCV,Yes,0.8347140952488818
4184-VODJZ,No,0.3265185623105138
0220-EBGCE,Yes,0.8810276238495722
1092-WPIVQ,No,0.07733734199005426
7233-IOQNP,No,0.24251762302719118
2834-JKOOW,No,0.12835029363923695
2754-VDLTR,Yes,0.8070655247335042
2400-FEQME,No,0.011384223080280214
3190-XFANI,Yes,0.5577384280681494
7551-DACSP,No,0.444452047941689
4957-SREEC,No,0.0019968644320007833
7235-NXZCP,Yes,0.8891862663262093
0230-UBYPQ,No,0.109305469440712
4923-ADWXJ,No,0.18854399604166638
1763-KUAAW,No,0.1175160786999997
1104-TNLZA,Yes,0.5824592041992912
5195-KPUNQ,No,0.2683592102687599
0520-FDVVT,Yes,0.5479503541713167
3439-GVUSX,Yes,0.757024761953748
1444-VVSGW,Yes,0.5521225112553593
5712-PTIWW,Yes,0.7726714481686189
5949-HGVJL,No,0.3013648489719313
5203-XEHAX,No,0.13672032454090632
1635-HDGFT,No,0.02336761406831774
3315-TOTBP,Yes,0.7839125160898665
8050-XGRVL,No,0.11688363942046583
6661-HBGWL,Yes,0.7462872764931565
1518-VOWAV,Yes,0.5789378478114937
9828-QHFBK,No,0.47862474852823234
3908-MKIMJ,No,0.1684738715810144
5012-YSPJJ,No,0.17390894589741218
5909-ECHUI,Yes,0.7854110101514811
1309-BXVOQ,Yes,0.8024306857207737
6728-VOIFY,No,0.3810717874744108
9317-WZPGV,Yes,0.9002057769614086
4891-NLUBA,No,0.02584095226334273
2856-HYAPG,Yes,0.902928261078398
8969-PRHFK,No,0.013644675888135144
0661-KQHNK,No,0.15475401829370578
8709-KRDVL,Yes,0.8004649281096778
4488-PSYCG,No,0.38368008647240154
1427-VERSM,No,0.4137763393900608
9801-NOSHQ,No,0.026045945030920364
6339-YPSAH,Yes,0.7182566436603189
3621-CEOVK,Yes,0.8852847426636519
6906-ANDWJ,Yes,0.8175665321600484
2159-TURXX,No,0.2602025613389636
1548-FEHVL,No,0.4055217905412048
3795-CAWEX,No,0.07674758204124742
6215-NQCPY,Yes,0.8049304095809774
5647-URDKA,No,0.032318198158825105
2229-DPMBI,No,0.0435214136119535
9626-WEQRM,Yes,0.5815675577582728
2188-SXWVT,No,0.05137895758620324
6258-PVZWJ,No,0.017251422711542525
1094-BKOSX,No,0.12433197399630985
6969-MVBAI,Yes,0.8846865118783288
2978-XXSOG,No,0.2313860411644271
2342-CKIAO,No,0.27023798473901534
6953-PBDIN,No,0.03539981911554913
3898-BSJYF,No,0.19641835372817115
3938-YFPXD,No,0.03173992851103192
7696-AMHOD,No,0.12726485585253505
2453-SAFNS,No,0.17025796249539812
9558-IHEZX,No,0.14401453762195734
9617-UDPEU,No,0.020332539068870364
6340-DACFT,No,0.010053750511665922
4955-VCWBI,No,0.02576263235321667
6813-GZQCG,No,0.06849176448252428
7426-GSWPO,No,0.410300611775166
3389-KTRXV,No,0.0663389111733991
3118-UHVVQ,No,0.017003725839135595
1031-IIDEO,Yes,0.9204287799156122
5832-XKAES,Yes,0.7610580908782956
3205-MXZRA,No,0.172130507953806
4701-AHWMW,No,0.2023154863789127
8317-BVKSO,No,0.2022136067073437
5702-KVQRD,No,0.08275155675127303
0083-PIVIK,No,0.18254542898784581
9210-IAHGH,Yes,0.6134879986027293
6169-PGNCD,No,0.0890712229051836
0023-XUOPT,Yes,0.8065025516733829
4592-IWTJI,Yes,0.6584780193799633
4909-JOUPP,No,0.15964480096664604
4657-FWVFY,No,0.4968170290055154
2257-BOVXD,No,0.386279326720636
7729-JTEEC,Yes,0.7183696922972969
7632-MNYOY,Yes,0.5721585223817173
6518-LGAOV,Yes,0.7034149561413172
7242-QZLXF,Yes,0.8173183581457562
4576-CSAJH,No,0.451737039823904
1000-AJSLD,Yes,0.7102257085824072
9696-RMYBA,Yes,0.8185354228708159
8690-UPCZI,No,0.07510510729677661
1062-LHZOD,Yes,0.8737128893597486
9770-LXDBK,No,0.28232279685794365
4086-WITJG,No,0.00671245529082992
8344-WFMFH,No,0.3554373205175541
9600-NAXZN,Yes,0.825465162378254
8822-KNBHV,No,0.11568169018548057
8404-FYDIB,Yes,0.5436798818942464
2791-SFVEW,No,0.3966357838118001
6457-USBER,Yes,0.9236005531369783
6762-NSODU,No,0.006365229562400569
4662-EKDPQ,Yes,0.736893840570263
9248-OJYKK,Yes,0.9471188091063504
9888-ZCUMM,No,0.01648670619898241
3398-FSHON,Yes,0.8994810351271323
3319-DWOEP,Yes,0.8787961216596033
1074-WVEVG,No,0.07598632015461299
9979-RGMZT,Yes,0.5377536254494767
6437-UDQJM,No,0.056389161459722975
1226-IENZN,Yes,0.705420511110076
2108-GLPQB,No,0.19832679331113348
9259-PACGQ,No,0.4274038405347385
4415-IJZTP,Yes,0.922392884951571
1465-VINDH,Yes,0.8560026110798116
5474-LAMUQ,No,0.009522928293744189
3468-DRVQJ,No,0.21172905543920162
1122-YJBCS,No,0.11586687002643364
4990-ALDGW,No,0.06460741254166928
4816-OKWNX,No,0.33511908484150227
3315-IKYZQ,No,0.06732509135377329
2810-FTLEM,Yes,0.6445857560131086
4747-LCAQL,No,0.14352551676505226
3411-WLRSQ,Yes,0.7661703844740849
0898-XCGTF,No,0.3875082120372817
8006-PYCSW,No,0.27221204564340584
8249-THVEC,No,0.017662608809486287
8722-PRFDV,No,0.051360478783219185
2164-SOQXL,No,0.174851997923695
4020-KIUDI,No,0.22073868438031902
5850-BDWCY,No,0.3083750379119412
2038-YSEZE,No,0.169307609796543
0827-ITJPH,No,0.024078257918625022
8799-OXZMD,No,0.414203282779032
1925-TIBLE,Yes,0.8994995499743207
1705-GUHPV,No,0.02053895531855866
4779-ZGICK,No,0.0159937366842537
0048-PIHNL,No,0.10178451094483254
0818-OCPZO,Yes,0.7484137923210329
3967-KXAPS,No,0.06022468002284298
1447-GIQMR,Yes,0.9316969041770814
3704-IEAXF,No,0.05682521493445863
6810-VCAEX,No,0.09086416438042196
0674-EYYZV,Yes,0.7107414473480183
4480-MBMLB,No,0.41946336908458737
1395-OFUWC,No,0.3591226029520227
0822-QGCXA,No,0.3112863111055292
0872-NXJYS,Yes,0.8085275604018419
2832-KJCRD,Yes,0.6742562585521567
3588-WSTTJ,Yes,0.6352225462619406
5090-EMGTC,No,0.11606843295949543
2346-CZYIL,No,0.013802761844524251
3798-EPWRR,Yes,0.7150284666315395
6258-NGCNG,No,0.31164348311731055
4186-ZBUEW,No,0.2557538388084595
5274-XHAKY,No,0.37953104779810315
1442-BQPVU,No,0.41200754016944263
3978-YNKDD,No,0.03865352759240964
4940-KHCWD,No,0.03262039052416858
9412-ARGBX,No,0.38657866915553124
1389-CXMLU,Yes,0.8865519407331605
9589-ABEPT,No,0.10329158183386417
9388-ZEYVT,No,0.1183695401899726
0305-SQECB,No,0.09439416934728742
7605-SNLQG,No,0.24099684473124447
4670-TABXH,No,0.21966942587179478
5561-NWEVX,Yes,0.8836035577165361
0064-SUDOG,No,0.06947920591887324
8561-NMTBD,No,0.1818576107984451
5161-XEUVX,No,0.1261297638050818
8292-FRFZQ,No,0.07852612146303427
8591-NXRCV,No,0.19063483934516348
7895-VONWT,Yes,0.5374750155023104
4526-RMTLL,No,0.07451643046205901
6253-GNHWH,No,0.05714296232056967
4566-NECEV,Yes,0.7302536651095871
8080-POTJR,No,0.1369470530039688
6906-MPARY,No,0.19427884841539064
3662-FXJFO,No,0.01524993584841913
8107-RZLNV,No,0.3818129110921751
0516-OOHAR,No,0.30089010364220364
2027-CWDNU,Yes,0.5594441543880273
2737-WFVYW,Yes,0.890170622496617
9912-OMZDS,No,0.382540473840698
3733-ZEECP,No,0.3944702449424876
7878-RTCZG,Yes,0.5462331958719994
2452-MRMZF,No,0.03237638688287294
2272-QAGFO,Yes,0.8406140341655042
7103-IPXPJ,No,0.38350864610233115
4342-HFXWS,No,0.0648854541714359
3545-CNWRG,Yes,0.6018011285929864
1785-BPHTP,Yes,0.5987045801108687
4989-LIXVT,Yes,0.5686036005133458
7315-WYOAW,Yes,0.6990417716394419
1173-XZPYF,Yes,0.8485078715323242
9850-OWRHQ,Yes,0.8952859431103399
3768-NLUBH,Yes,0.6345106939487937
8676-TRMJS,Yes,0.8342941403179406
2509-TFPJU,No,0.035792350456929786
9530-GRMJG,No,0.0609477793248882
6898-RBTLU,No,0.04041204680665343
5481-NTDOH,No,0.2850656580060684
2068-WWXQZ,No,0.030030271634745854
7359-SSBJK,No,0.31459995921840767
2061-VVFST,No,0.29916293834047974
0685-MLYYM,Yes,0.8392498169509507
0749-IRGQE,Yes,0.6665857276850383
2380-DAMQP,No,0.0546812620178142
2256-YLYLP,No,0.038362602688026215
1272-ILHFG,No,0.03163653302379915
0164-XAIRP,No,0.026859926277483126
5666-CYCYZ,Yes,0.6737758665882735
4011-ARPHK,No,0.28201504550099815
8182-PNAGI,No,0.38000891157220795
6365-HITVU,No,0.0207506862281644
7558-IMLMT,No,0.004768895879434325
9488-FYQAU,No,0.22446893227826153
3590-TCXTB,No,0.4499516341155741
6994-KERXL,Yes,0.5965839724529663
7957-RYHQD,Yes,0.697363114878001
2180-DXNEG,Yes,0.8755628248834334
1960-UOTYM,No,0.10622993794856087
2740-JFBOK,No,0.2100121353009735
6500-JVEGC,No,0.1727863747644152
5515-AKOAJ,Yes,0.6709140274029586
8976-OQHGT,No,0.3989501736817895
5245-VDBUR,No,0.08489346297785151
6230-BSUXY,Yes,0.9271112127662461
8469-SNFFH,No,0.11186069446579738
2144-ESWKO,No,0.10230310664750338
1241-FPMOF,No,0.05396875364578601
9928-BZVLZ,No,0.08917941736917152
4114-QMKVN,No,0.06982727206680071
9003-CPATH,Yes,0.5777608037239031
1754-GKYPY,Yes,0.6307104600491217
5294-CDGWY,No,0.43439439532402097
7956-XQWGU,No,0.12454690589690706
1591-MQJTP,No,0.26888125131235996
5295-PCJOO,Yes,0.7041648118483229
2369-FEVNO,Yes,0.6809026843171139
9863-JZAIC,No,0.4330971851606229
7471-MQPOS,No,0.3012324275680409
7660-HDPJV,Yes,0.9381057529233054
5115-SQAAU,No,0.008930606082213159
9845-QOMAD,No,0.036404925550812366
7672-VFMXZ,No,0.2520432103667233
9739-JLPQJ,No,0.0539491137784999
9916-AYHTC,No,0.008088287726914443
3855-ONCAR,Yes,0.7919130906980953
1488-SYSFC,No,0.18247927433213132
7931-PXHFC,No,0.285305149092031
3990-QYKBE,Yes,0.7969214848971855
0970-QXPXW,Yes,0.5542493675599095
3259-KNMRR,No,0.08090902539628986
6120-RJKLU,No,0.06720575277220096
9572-WUKSB,Yes,0.6919135717612938
5893-KCLGT,No,0.043497597564570785
0076-LVEPS,No,0.27972153325917404
3640-JQGJG,No,0.26822184307093744
4919-MOAVT,Yes,0.8067833777200929
1596-OQSPS,No,0.2751769890671396
9867-XOBQA,No,0.06610478362528519
9546-KDTRB,No,0.2349988708958493
3090-HAWSU,No,0.4851089479597321
9820-RMCQV,Yes,0.5561237361645647
3174-RKMOW,Yes,0.6520945746967292
1760-CAZHT,No,0.08060022617243047
7839-QRKXN,Yes,0.7660051072200769
8441-SHIPE,No,0.016247884444646626
5204-QZXPU,Yes,0.7001109569002342
4597-ELFTS,No,0.28919446043445296
1320-GVNHT,No,0.05829840131931893
1047-RNXZV,No,0.04565552492439404
3541-ZNUHK,No,0.35220457583279713
8450-JOVAH,Yes,0.6243483186071103
8725-JEDFD,No,0.4626836722970686
7562-UXTPG,Yes,0.6661479766670347
8071-SBTRN,No,0.1410537427290898
1113-IUJYX,No,0.46607223194810904
6668-CNMFP,No,0.30647503550546323
5626-MGTUK,Yes,0.5849990947123966
5681-LLOEI,No,0.20617718491302606
8212-DJRCH,Yes,0.6939093039309052
4323-OHFOW,No,0.2872117011397875
4933-BSAIP,No,0.018530852834705628
2030-BTZRO,No,0.057840578726496776
1116-DXXDF,No,0.2635535439027698
9274-CNFMO,Yes,0.8534708412941305
7758-XKCBS,Yes,0.6755617443199914
8992-JQYUN,Yes,0.9137769394756262
6563-VNPMN,No,0.32293874424183355
0617-AQNWT,No,0.35070039603414443
2267-WTPYD,No,0.4506094654331431
0270-THENM,No,0.03165507887071932
2446-PLQVO,Yes,0.9229952343426974
4707-MAXGU,No,0.035792350456929786
2710-WYVXG,No,0.13675247392787837
3005-NFMTA,Yes,0.6925363178867978
6300-BWMJX,No,0.4210739226958886
8784-CGILN,Yes,0.7494203935380066
5389-FFVKB,Yes,0.6641915904349902
7009-LGECI,No,0.4846336940452124
8444-WRIDW,Yes,0.6064370000087569
5022-KVDQT,Yes,0.689810441115608
7976-CICYS,No,0.20702956333633646
1036-GUDCL,No,0.13215806750348236
2005-DWQZJ,No,0.04342173404562763
8148-WOCMK,No,0.030621641039688074
7815-PDTHL,No,0.014715398559579939
9451-LPGOO,Yes,0.9053251735179221
9173-IVZVP,No,0.009719898751539642
9129-UXERG,Yes,0.6098445223194032
3635-JBPSG,No,0.22213628224542423
7964-ZRKKG,No,0.20187178322752283
5868-YWPDW,Yes,0.8711612459612349
6229-LSCKB,Yes,0.8757083346237701
2025-JKFWI,Yes,0.776018625252879
4078-SAYYN,Yes,0.9315059512412732
1724-IQWNM,Yes,0.5345821554104397
8217-QYOHV,No,0.45157413455625245
5546-QUERU,No,0.01841803565516329
9940-HPQPG,Yes,0.6777967344795505
6897-UUBNU,No,0.39584028475217964
6127-IYJOZ,Yes,0.7872576650311273
6618-RYATB,Yes,0.9237303952261872
8930-XOTDP,No,0.34363727535444055
5916-QEWPT,Yes,0.5982841413665467
5060-TQUQN,No,0.3631287756831701
0531-XBKMM,No,0.031183394998032334
8465-SBRXP,No,0.25623276383126653
2408-PSJVE,No,0.19468385957425954
9079-YEXQJ,Yes,0.6498717877323807
9700-ZCLOT,No,0.3607682962004734
8738-JOKAR,No,0.12720916030006046
4534-WGCIR,No,0.011222240134946406
1930-WNXSB,No,0.4575447706551973
2685-SREOM,Yes,0.75657117220147
3508-CFVZL,No,0.09333413401795324
0402-CQAJN,Yes,0.7525493576096589
6692-UDPJC,Yes,0.8166010108228026
1273-MTETI,Yes,0.9262069770428116
0657-DOGUM,No,0.044866762206032786
5480-HPRRX,Yes,0.8326572201718853
8792-AOROI,No,0.08301342699219606
0295-PPHDO,Yes,0.9533951661366331
5146-YYFRZ,No,0.03491140893198019
1195-OIYEJ,Yes,0.8600910579162674
5906-CVLHP,No,0.11213982388599512
3452-SRFEG,Yes,0.5190473671525008
4070-OKWVH,No,0.4388304656158566
5297-MDOIR,No,0.1269609522942267
6369-MCAKO,No,0.009508493464434768
4926-UMJZD,No,0.17231157958891963
6848-HJTXY,No,0.015108014071954026
6341-AEVKX,No,0.35497022273838935
4501-EQDRN,Yes,0.9015024744523125
2990-HWIML,Yes,0.9022107085427744
0682-USIXD,Yes,0.5729359119718329
6976-BWGLQ,No,0.0023337159636144817
7078-NVFAM,No,0.3543464723907319
8065-QBYTO,No,0.21814018927542075
2133-TSRRM,No,0.4097707246177223
7384-GHBPI,Yes,0.8761318688223542
7603-USHJS,Yes,0.7641541257333105
7234-FECYN,Yes,0.9147928543495344
2511-ALLCS,No,0.017405077593165206
3191-CSNMG,Yes,0.7991860503376585
7952-OBOYL,Yes,0.8547978670538058
7470-DYNOE,No,0.22891278876685436
7853-OETYL,Yes,0.5951136604886185
1545-ACTAS,No,0.3025393713442214
5876-HZVZM,No,0.32430094843882595
1400-MMYXY,Yes,0.9221947927804822
5126-RCXYW,No,0.08993424057111603
3085-QUOZK,Yes,0.7046697681342471
2363-BJLSL,No,0.16304194583144102
1956-YIFGE,No,0.43922823666195543
3926-CUQZX,Yes,0.7318385114830586
7921-LMDFQ,No,0.37101452211557817
2925-MXLSX,No,0.13396858013265542
5820-PTRYM,No,0.10402388426302157
9609-BENEA,No,0.2201529222081684
6211-WHMYA,No,0.3005058187653019
4459-BBGHE,No,0.4196307677190494
9945-PSVIP,No,0.052995195325899164
1041-RXHRA,Yes,0.5705031877079517
1750-CSKKM,Yes,0.6223099444713085
9108-EJFJP,Yes,0.5090047361201322
0530-IJVDB,No,0.1469268271277635
0508-SQWPL,No,0.021202703169785876
2215-ZAFGX,Yes,0.8642271727670326
8213-TAZPM,No,0.17152995063786647
7142-HVGBG,Yes,0.8084142189082939
1304-SEGFY,No,0.3285689502955836
7242-EDTYC,No,0.13090197825902525
2904-GGUAZ,No,0.05118049837370334
8267-ZNYVZ,Yes,0.6552773718130073
5136-GFPMB,Yes,0.5106024585513443
2595-KIWPV,No,0.05531186545766628
5243-SAOTC,No,0.47883815913692307
9398-MMQTO,Yes,0.5960206704928988
7619-PLRLP,No,0.11560324456203162
6457-GIRWB,Yes,0.9371246184376392
6508-NJYRO,No,0.035852519954314634
1450-SKCVI,Yes,0.6626998911005471
4710-NKCAW,No,0.3005008149299092
5306-BVTKJ,No,0.1275003496416317
0357-NVCRI,No,0.15068932504020038
5570-PTWEH,Yes,0.89698799269213
2371-KFUOG,No,0.2304056024605953
0463-ZSDNT,No,0.4242398644838986
6502-MJQAE,Yes,0.9358250291928408
6257-DTAYD,No,0.2730973064056691
4616-ULAOA,No,0.1404175087844133
7693-LCKZL,Yes,0.8890956694581594
7746-AWNQW,No,0.23243302463041962
5996-EBTKM,No,0.05224737073661664
2758-RNWXS,No,0.29020575380331143
2314-TNDJQ,No,0.031616949955357763
2405-LBMUW,No,0.0663504676985223
3454-JFUBC,No,0.018153402736869755
0032-PGELS,Yes,0.7016668131394528
9039-ZVJDC,No,0.2739795039051247
6797-LNAQX,No,0.4256392059693357
9013-AQORL,No,0.3498584299985427
2898-MRKPI,No,0.27230897255491443
2750-BJLSB,Yes,0.5537113837531986
3648-GZPHF,No,0.1336620936035184
2075-RMJIK,No,0.3862185917719912
9588-YRFHY,No,0.016754582918792612
6394-MFYNG,Yes,0.7429295397111851
1564-NTYXF,Yes,0.8814331718345142
9364-YKUVW,No,0.31430481046245184
5392-AKEMH,Yes,0.6123255905136499
2451-YMUXS,No,0.05046246773333259
3914-FDRHP,Yes,0.6724575128693785
3078-ZKNTS,No,0.07177212711982608
1024-KPRBB,No,0.36211568205566164
4690-PKDQG,Yes,0.6932998955136829
8155-IBNHG,Yes,0.6917120280231145
0886-QGENL,Yes,0.647252467528584
9547-ITEFG,Yes,0.8026974149186318
1264-FUHCX,No,0.23469882113374835
7789-CRUVC,No,0.31546469399527943
6598-KELSS,No,0.10868268591167239
8739-WWKDU,Yes,0.7897984845481605
8685-WHQPW,Yes,0.6725523938233928
4745-LSPLO,No,0.48224406756495347
8083-YTZES,Yes,0.8858450585986615
7240-FQLHE,Yes,0.7369106588371107
6664-FPDAC,Yes,0.6336828060837644
9972-VAFJJ,No,0.29794870777999316
0422-UXFAP,Yes,0.5153014251289001
1904-WAJAA,No,0.08797948087870373
5130-YPIRV,No,0.044413775847439024
2843-CQMEG,No,0.3138364735579172
6439-PKTRR,No,0.05557241409342122
5351-QESIO,Yes,0.722284741080587
0786-VSSUD,Yes,0.596198299176598
5568-DMXZS,No,0.3787906431781876
8468-FZTOE,No,0.04300722200293546
6633-SYEUS,No,0.36535882908696043
6447-GORXK,No,0.3894186053711878
6967-PEJLL,No,0.1792195192014026
3976-BWUCK,Yes,0.5939701577222027
5981-ZVXOT,No,0.48741393612086853
1684-FLBGS,No,0.20708981833945136
1389-WNUIB,No,0.14975604097620596
0376-OIWME,Yes,0.5782402508090514
3585-ISXZP,Yes,0.9212833601674498
0218-QNVAS,No,0.2486460536043596
6583-QGCSI,Yes,0.7113290332233815
0804-YGEQV,No,0.046970872643322475
7164-BPTUT,No,0.03575778674273846
4174-LPGTI,No,0.13713871078955028
2523-EWWZL,Yes,0.6236726988754115
0928-XUTSN,Yes,0.7827664061931067
2108-XWMPY,Yes,0.741001228233426
0052-YNYOT,No,0.0800851284779883
6304-IJFSQ,Yes,0.7675329713802308
9586-JGQKH,No,0.19061516882344728
4501-VCPFK,No,0.25185912971049046
6075-SLNIL,Yes,0.6098309246884606
9347-AERRL,No,0.02125860706459421
0093-XWZFY,Yes,0.7972274167447637
2274-XUATA,No,0.024350065115371237
1980-KXVPM,Yes,0.897233519704177
7703-ZEKEF,Yes,0.7120105369598045
0723-DRCLG,Yes,0.926884150570313
5482-NUPNA,Yes,0.5982042328045907
6691-CCIHA,No,0.0594661292644733
1685-BQULA,Yes,0.6315879469611207
9053-EJUNL,Yes,0.6950397383643964
0666-UXTJO,No,0.4548959735170755
1471-GIQKQ,Yes,0.6626197027645268
4807-IZYOZ,No,0.024065664798992713
1122-JWTJW,Yes,0.8718218568669995
9710-NJERN,No,0.004144216377483317
9837-FWLCH,No,0.32262643079709186
1699-HPSBG,No,0.4946190502552128
7203-OYKCT,No,0.41315549325788137
1035-IPQPU,Yes,0.6658088868628279
7398-LXGYX,No,0.4482451902065137
2823-LKABH,Yes,0.5016918528271096
8775-CEBBJ,Yes,0.5917546344631389
0550-DCXLH,No,0.31073298679521905
9281-CEDRU,No,0.04592531717981897
2235-DWLJU,Yes,0.7800534512016303
0871-OPBXW,No,0.2165716591975495
3605-JISKB,No,0.18212012173059294
6894-LFHLY,Yes,0.9474470818392372
9767-FFLEM,No,0.4952371174907887
0639-TSIQW,No,0.48840356578134053
8456-QDAVC,Yes,0.5886533697234797
7750-EYXWZ,No,0.272280139934357
2569-WGERO,No,0.006815743305866309
6840-RESVB,No,0.17744265563312409
2234-XADUH,No,0.24005996197841967
4801-JZAZL,No,0.40915882667599285
8361-LTMKD,Yes,0.8851343743213105
3186-AJIEK,No,0.3041627482535893
